,academic_year,gender,qualification,study_level,modules,module_credits,grade_average,modules_passed,pass_rate,passed_all_modules,tutorial_classes_attended,tutorial_class_modules
0,2024,Male,BSc IT: Data Science,1st year,8,94,41.0,3,37.5,No,5,2
1,2024,Male,Higher Certificate in Information Systems: Software Development,3rd year,7,106,55.0,5,71.4,NOPE,19,2
2,2024,Male,BSc IT: Data Science,3rd year,1,16,53.0,1,100.0,YES,0,0
3,2024,Female,BSc IT: Data Science,3rd year,4,72,72.0,4,100.0,YEAH,0,0
4,2024,Female,Higher Certificate in Information Systems: Software Development,2nd year,11,156,64.0,11,100.0,Yes,62,11
5,2024,Female,BSc IT: Data Science,3rd year,2,32,56.0,1,50.0,no,0,0
6,2024,Female,BSc in CompUter Science,3rd year,4,60,65.0,4,100.0,yes,,
7,2024,Male,BSc IT: Software Engineering,2nd year,7,100,38.0,0,0.0,no,3,1
8,2024,Male,BSc in CompUter Science,1st year,3,48,58.0,3,100.0,yes,9,2
9,2024,Female,Higher Certificate in Information Systems: Software Development,2nd year,3,50,49.0,2,66.7,no,1,1
10,2024,Male,Higher Certificate in Information Systems: Cloud Computing,3rd year,4,110,51.0,3,75.0,no,1,1
11,2024,Female,Higher Certificate in Information Systems: Software Development,3rd year,4,70,54.0,2,50.0,no,2,1
12,2024,Female,Higher Certificate in Information Systems: Software Development,3rd year,4,90,64.0,4,100.0,yes,8,1
13,2024,Male,Higher Certificate in Information Systems: Software Development,3rd year,7,130,57.0,4,57.1,no,3,1
14,2024,Male,Higher Certificate in Information Systems: Software Development,3rd year,4,70,,0,0.0,no,,
15,2024,Male,Higher Certificate in Information Systems: Software Development,1st year,7,106,0.0,0,0.0,no,4,2
16,2024,Male,Higher Certificate in Information Systems: Software Development,3rd year,5,100,52.0,2,40.0,no,3,2
17,2024,Male,Higher Certificate in Information Systems: Software Development,3rd year,3,60,36.0,1,33.3,no,2,1
18,2024,Female,Higher Certificate in Information Systems: Software Development,3rd year,4,80,66.0,4,100.0,yes,9,1
19,2024,Female,Higher Certificate in Information Systems: Software Development,3rd year,2,40,45.0,1,50.0,no,2,1
20,2024,Male,BSc in CompUter Science,2nd year,2,30,51.0,1,50.0,no,5,1
21,2024,Male,Higher Certificate in Information Systems: Software Development,3rd year,5,100,60.0,5,100.0,yes,5,1
22,2024,Male,BSc IT: Software Engineering,2nd year,2,25,56.0,2,100.0,yes,3,1
23,2024,Male,Higher Certificate in Information Systems: Cloud Computing,3rd year,4,100,42.0,0,0.0,no,,
24,2024,Female,Higher Certificate in Information Systems: Software Development,3rd year,3,60,42.0,0,0.0,no,5,1
25,2024,Male,Higher Certificate in Information Systems: Software Development,3rd year,1,20,59.0,1,100.0,yes,,
26,2024,Female,Higher Certificate in Information Systems: Software Development,2nd year,9,140,49.0,2,22.2,no,26,9
27,2024,Male,Higher Certificate in Information Systems: Software Development,3rd year,7,130,56.0,4,57.1,no,7,2
28,2024,Male,Higher Certificate in Information Systems: Software Development,3rd year,4,90,58.0,4,100.0,yes,9,1
29,2024,Male,Higher Certificate in Information Systems: Cloud Computing,1st year,11,136,0.0,0,0.0,no,0,0
30,2024,Male,BSc IT: Software Engineering,3rd year,1,15,69.0,1,100.0,yes,0,0
31,2024,Male,BSc IT: Data Science,3rd year,9,144,60.0,7,77.8,no,0,0
32,2024,Male,Higher Certificate in Information Systems: Software Development,2nd year,7,110,69.0,3,42.9,no,23,7
33,2024,Female,Higher Certificate in Information Systems: Software Development,2nd year,5,80,68.0,5,100.0,yes,19,8
34,2024,Female,Higher Certificate in Information Systems: Software Development,3rd year,5,90,43.0,2,40.0,no,21,2
35,2024,Male,Higher Certificate in Information Systems: Software Development,3rd year,7,130,69.0,7,100.0,yes,26,2
36,2024,Male,Higher Certificate in Information Systems: Software Development,3rd year,2,40,46.0,0,0.0,no,0,0
37,2024,Male,Higher Certificate in Information Systems: Software Development,3rd year,1,20,69.0,1,100.0,yes,0,0
38,2024,Male,Higher Certificate in Information Systems: Cloud Computing,3rd year,1,30,61.0,1,100.0,yes,0,0
39,2024,Male,BSc in CompUter Science,3rd year,4,60,50.0,2,50.0,no,0,0
40,2024,Male,Higher Certificate in Information Systems: Software Development,3rd year,3,70,56.0,2,66.7,no,2,1
41,2024,Female,Higher Certificate in Information Systems: Cloud Computing,3rd year,1,30,71.0,1,100.0,yes,0,0
42,2024,Male,Higher Certificate in Information Systems: Software Development,3rd year,6,120,66.0,4,66.7,no,7,2
43,2024,Male,Higher Certificate in Information Systems: Software Development,3rd year,2,50,55.0,2,100.0,yes,0,0
44,2024,Female,BSc in CompUter Science,3rd year,5,100,52.0,4,80.0,no,7,1
45,2024,Male,Higher Certificate in Information Systems: Software Development,3rd year,6,120,56.0,5,83.3,no,7,2
46,2024,Male,BSc in CompUter Science,3rd year,1,15,69.0,1,100.0,yes,0,0
47,2024,Male,Higher Certificate in Information Systems: Software Development,3rd year,1,20,68.0,1,100.0,yes,0,0
48,2024,Male,Higher Certificate in Information Systems: Software Development,3rd year,5,110,51.0,3,60.0,no,2,1
49,2024,Male,Higher Certificate in Information Systems: Software Development,3rd year,6,120,10.0,0,0.0,no,0,0
50,2024,Male,Higher Certificate in Information Systems: Software Development,3rd year,3,60,48.0,2,66.7,no,5,1
51,2024,Female,BSc in CompUter Science,3rd year,1,15,50.0,1,100.0,yes,0,0
52,2024,Male,BSc in CompUter Science,3rd year,5,80,52.0,3,60.0,no,0,0
53,2024,Male,Higher Certificate in Information Systems: Software Development,3rd year,2,40,56.0,2,100.0,yes,0,0
54,2024,Female,Higher Certificate in Information Systems: Software Development,3rd year,4,80,36.0,0,0.0,no,12,2
55,2024,Male,Higher Certificate in Information Systems: Software Development,3rd year,3,60,38.0,0,0.0,no,0,0
56,2024,Female,Higher Certificate in Information Systems: Software Development,3rd year,3,60,,0,0.0,no,0,0
57,2024,Male,Higher Certificate in Information Systems: Software Development,3rd year,3,60,46.0,1,33.3,no,0,0
58,2024,Male,Higher Certificate in Information Systems: Software Development,3rd year,7,140,56.0,5,71.4,no,8,4
59,2024,Male,BSc in CompUter Science,2nd year,2,35,62.0,1,50.0,no,0,0
60,2024,Male,Higher Certificate in Information Systems: Software Development,3rd year,3,50,52.0,2,66.7,no,4,1
61,2024,Female,BSc IT: Data Science,1st year,11,136,10.0,0,0.0,no,3,1
62,2024,Female,BSc IT: Software Engineering,3rd year,6,90,62.0,6,100.0,yes,0,0
63,2024,Female,Higher Certificate in Information Systems: Software Development,3rd year,2,40,54.0,2,100.0,yes,0,0
64,2024,Male,Higher Certificate in Information Systems: Software Development,3rd year,8,140,68.0,8,100.0,yes,20,5
65,2024,Female,Higher Certificate in Information Systems: Software Development,3rd year,4,80,41.0,1,25.0,no,22,2
66,2024,Male,Higher Certificate in Information Systems: Software Development,3rd year,4,90,34.0,0,0.0,no,1,1
67,2024,Female,BSc in CompUter Science,1st year,2,32,52.0,1,50.0,no,6,2
68,2024,Female,BSc in CompUter Science,3rd year,7,130,68.0,7,100.0,yes,2,1
69,2024,Male,Higher Certificate in Information Systems: Software Development,3rd year,3,60,70.0,3,100.0,yes,10,2
70,2024,Male,Higher Certificate in Information Systems: Software Development,3rd year,1,20,56.0,1,100.0,yes,0,0
71,2024,Female,Higher Certificate in Information Systems: Software Development,3rd year,7,140,55.0,5,71.4,no,31,4
72,2024,Male,BSc in CompUter Science,2nd year,5,96,52.0,4,80.0,no,5,1
73,2024,Male,Higher Certificate in Information Systems: Cloud Computing,3rd year,3,80,55.0,3,100.0,yes,0,0
74,2024,Male,Higher Certificate in Information Systems: Cyber Security,1st year,9,106,0.0,0,0.0,no,0,0
75,2024,Female,Higher Certificate in Information Systems: Software Development,3rd year,6,120,64.0,5,83.3,no,17,2
76,2024,Female,Higher Certificate in Information Systems: Cloud Computing,3rd year,1,30,68.0,1,100.0,yes,0,0
77,2024,Male,Higher Certificate in Information Systems: Software Development,2nd year,5,80,64.0,4,80.0,no,31,7
78,2024,Male,Higher Certificate in Information Systems: Software Development,3rd year,4,90,36.0,0,0.0,no,3,1
79,2024,Male,Higher Certificate in Information Systems: Software Development,3rd year,6,120,0.0,0,0.0,no,0,0
80,2024,Male,Higher Certificate in Information Systems: Software Development,3rd year,1,20,49.0,0,0.0,no,0,0
81,2024,Female,Higher Certificate in Information Systems: Software Development,3rd year,1,20,48.0,0,0.0,no,0,0
82,2024,Male,Higher Certificate in Information Systems: Software Development,2nd year,2,18,50.0,2,100.0,yes,0,0
83,2024,Male,BSc IT: Robotics,1st year,18,244,70.0,17,94.4,no,10,4
84,2024,Female,Higher Certificate in Information Systems: Software Development,3rd year,6,120,59.0,3,50.0,no,12,2
85,2024,Female,Higher Certificate in Information Systems: Software Development,3rd year,5,110,59.0,2,40.0,no,11,3
86,2024,Male,BSc IT: Data Science,3rd year,1,16,40.0,0,0.0,no,0,0
87,2024,Female,Higher Certificate in Information Systems: Software Development,2nd year,5,80,34.0,1,20.0,no,3,1
88,2024,Male,Higher Certificate in Information Systems: Software Development,3rd year,2,40,64.0,2,100.0,yes,6,1
89,2024,Male,BSc IT: Data Science,1st year,11,136,64.0,10,90.9,no,21,5
90,2024,Male,BSc in CompUter Science,3rd year,6,100,58.0,6,100.0,yes,9,2
91,2024,Female,Higher Certificate in Information Systems: Software Development,3rd year,6,120,64.0,5,83.3,no,7,1
92,2024,Male,Higher Certificate in Information Systems: Software Development,2nd year,9,140,72.0,9,100.0,yes,34,9
93,2024,Male,Higher Certificate in Information Systems: Software Development,3rd year,6,120,66.0,5,83.3,no,5,1
94,2024,Female,Higher Certificate in Information Systems: Software Development,1st year,9,136,67.0,9,100.0,yes,15,4
95,2024,Female,Higher Certificate in Information Systems: Software Development,3rd year,4,80,46.0,1,25.0,no,10,2
96,2024,Male,BSc in CompUter Science,3rd year,7,100,44.0,1,14.3,no,12,2
97,2024,Male,Higher Certificate in Information Systems: Software Development,2nd year,6,100,58.0,5,83.3,no,29,6
98,2024,Female,Higher Certificate in Information Systems: Cyber Security,1st year,9,112,54.0,5,55.6,no,4,1
99,2024,Male,Higher Certificate in Information Systems: Software Development,3rd year,5,110,61.0,5,100.0,yes,16,2
100,2024,Male,Higher Certificate in Information Systems: Cloud Computing,2nd year,3,70,72.0,2,66.7,no,4,2
101,2024,Female,BSc IT: Robotics,3rd year,8,120,62.0,7,87.5,no,0,0
102,2024,Female,Higher Certificate in Information Systems: Cloud Computing,3rd year,4,120,66.0,4,100.0,yes,0,0
103,2024,Male,BSc in CompUter Science,3rd year,7,140,49.0,4,57.1,no,0,0
104,2024,Male,Higher Certificate in Information Systems: Software Development,1st year,9,136,59.0,8,88.9,no,42,8
105,2024,Female,BSc IT: Robotics,1st year,20,316,61.0,20,100.0,yes,0,0
106,2024,Male,Higher Certificate in Information Systems: Software Development,3rd year,6,90,46.0,1,16.7,no,7,3
107,2024,Male,BSc IT: Data Science,1st year,11,136,70.0,11,100.0,yes,24,6
108,2024,Male,BSc in CompUter Science,3rd year,5,75,65.0,5,100.0,yes,0,0
109,2024,Female,BSc IT: Data Science,3rd year,5,80,68.0,5,100.0,yes,0,0
110,2024,Male,Higher Certificate in Information Systems: Software Development,2nd year,9,140,67.0,9,100.0,yes,39,9
111,2024,Male,Higher Certificate in Information Systems: Software Development,3rd year,5,100,58.0,4,80.0,no,13,1
112,2024,Male,Higher Certificate in Information Systems: Cloud Computing,2nd year,3,70,61.0,3,100.0,yes,4,2
113,2024,Male,Higher Certificate in Information Systems: Software Development,3rd year,6,120,58.0,5,83.3,no,11,2
114,2024,Male,BSc IT: Robotics,3rd year,5,100,48.0,2,40.0,no,0,0
115,2024,Male,Higher Certificate in Information Systems: Software Development,1st year,4,68,42.0,0,0.0,no,4,2
116,2024,Female,Higher Certificate in Information Systems: Software Development,2nd year,10,148,65.0,10,100.0,yes,57,9
117,2024,Female,Higher Certificate in Information Systems: Software Development,2nd year,8,140,63.0,8,100.0,yes,18,4
118,2024,Female,BSc IT: Robotics,2nd year,5,60,45.0,2,40.0,no,0,0
119,2024,Male,Higher Certificate in Information Systems: Cloud Computing,3rd year,6,150,56.0,4,66.7,no,0,0
120,2024,Male,Higher Certificate in Information Systems: Software Development,3rd year,6,120,54.0,4,66.7,no,4,2
121,2024,Male,Higher Certificate in Information Systems: Software Development,3rd year,3,60,58.0,1,33.3,no,6,1
122,2024,Female,BSc IT: Robotics,2nd year,6,90,56.0,4,66.7,no,13,3
123,2024,Male,Higher Certificate in Information Systems: Software Development,1st year,9,136,53.0,7,77.8,no,33,7
124,2024,Male,Higher Certificate in Information Systems: Cloud Computing,3rd year,2,60,66.0,2,100.0,yes,0,0
125,2024,Female,Higher Certificate in Information Systems: Software Development,1st year,9,136,72.0,9,100.0,yes,66,9
126,2024,Female,Higher Certificate in Information Systems: Software Development,2nd year,8,140,0.0,0,0.0,no,5,2
127,2024,Female,Higher Certificate in Information Systems: Software Development,3rd year,5,80,58.0,3,60.0,no,30,5
128,2024,Female,Higher Certificate in Information Systems: Software Development,2nd year,9,140,71.0,9,100.0,yes,25,10
129,2024,Male,Higher Certificate in Information Systems: Software Development,3rd year,2,40,61.0,2,100.0,yes,0,0
130,2024,Male,Higher Certificate in Information Systems: Software Development,1st year,9,136,70.0,9,100.0,yes,34,7
131,2024,Male,BSc in CompUter Science,2nd year,8,120,64.0,7,87.5,no,4,1
132,2024,Female,Higher Certificate in Information Systems: Software Development,3rd year,1,20,58.0,1,100.0,yes,0,0
133,2024,Female,Higher Certificate in Information Systems: Software Development,3rd year,1,20,59.0,1,100.0,yes,0,0
134,2024,Female,Higher Certificate in Information Systems: Software Development,1st year,5,68,67.0,5,100.0,yes,18,4
135,2024,Female,Higher Certificate in Information Systems: Software Development,3rd year,6,120,76.0,6,100.0,yes,16,3
136,2024,Male,BSc in CompUter Science,1st year,12,144,58.0,11,91.7,no,23,6
137,2024,Male,Higher Certificate in Information Systems: Software Development,3rd year,6,120,78.0,6,100.0,yes,8,2
138,2024,Female,Higher Certificate in Information Systems: Software Development,3rd year,6,120,63.0,6,100.0,yes,14,2
139,2024,Male,BSc IT: Data Science,3rd year,8,136,73.0,8,100.0,yes,0,0
140,2024,Male,Higher Certificate in Information Systems: Software Development,3rd year,1,20,54.0,1,100.0,yes,0,0
141,2024,Female,Higher Certificate in Information Systems: Cloud Computing,2nd year,2,40,74.0,2,100.0,yes,6,2
142,2024,Female,Higher Certificate in Information Systems: Software Development,3rd year,6,120,70.0,6,100.0,yes,14,2
143,2024,Female,Higher Certificate in Information Systems: Software Development,2nd year,11,166,32.0,2,18.2,no,23,9
144,2024,Male,Higher Certificate in Information Systems: Cloud Computing,3rd year,5,140,65.0,5,100.0,yes,0,0
145,2024,Male,Higher Certificate in Information Systems: Cloud Computing,3rd year,6,140,53.0,5,83.3,no,0,0
146,2024,Female,Higher Certificate in Information Systems: Cloud Computing,3rd year,4,120,49.0,3,75.0,no,0,0
147,2024,Male,Higher Certificate in Information Systems: Software Development,3rd year,4,58,62.0,3,75.0,no,11,1
148,2024,Female,Higher Certificate in Information Systems: Software Development,3rd year,5,90,58.0,3,60.0,no,23,5
149,2024,Female,Higher Certificate in Information Systems: Software Development,1st year,9,136,71.0,9,100.0,yes,46,8
150,2024,Male,Higher Certificate in Information Systems: Software Development,3rd year,4,90,58.0,4,100.0,yes,1,1
151,2024,Male,Higher Certificate in Information Systems: Software Development,3rd year,1,20,57.0,1,100.0,yes,0,0
152,2024,Female,Higher Certificate in Information Systems: Software Development,3rd year,1,20,52.0,1,100.0,yes,0,0
153,2024,Female,Higher Certificate in Information Systems: Software Development,3rd year,4,90,46.0,1,25.0,no,1,1
154,2024,Male,BSc in CompUter Science,3rd year,6,120,70.0,6,100.0,yes,0,0
155,2024,Female,Higher Certificate in Information Systems: Software Development,3rd year,3,70,67.0,3,100.0,yes,11,1
156,2024,Male,Higher Certificate in Information Systems: Software Development,3rd year,3,60,52.0,2,66.7,no,6,1
157,2024,Male,Higher Certificate in Information Systems: Cloud Computing,3rd year,6,140,54.0,4,66.7,no,3,1
158,2024,Male,BSc IT: Data Science,1st year,11,136,47.0,4,36.4,no,3,2
159,2024,Male,Higher Certificate in Information Systems: Software Development,2nd year,5,80,60.0,4,80.0,no,20,4
160,2024,Male,BSc IT: Data Science,3rd year,8,136,73.0,8,100.0,yes,0,0
161,2024,Female,Higher Certificate in Information Systems: Software Development,1st year,9,136,73.0,9,100.0,yes,72,8
162,2024,Female,Higher Certificate in Information Systems: Software Development,3rd year,6,120,59.0,4,66.7,no,3,2
163,2024,Female,Higher Certificate in Information Systems: Software Development,3rd year,6,120,68.0,6,100.0,yes,32,2
164,2024,Male,Higher Certificate in Information Systems: Software Development,1st year,6,96,11.0,1,16.7,no,4,3
165,2024,Female,Higher Certificate in Information Systems: Software Development,3rd year,7,130,62.0,5,71.4,no,31,6
166,2024,Female,Higher Certificate in Information Systems: Software Development,2nd year,9,140,83.0,9,100.0,yes,72,9
167,2024,Female,Higher Certificate in Information Systems: Cloud Computing,3rd year,5,140,59.0,5,100.0,yes,0,0
168,2024,Male,BSc IT: Data Science,1st year,11,136,61.0,10,90.9,no,26,6
169,2024,Male,BSc IT: Data Science,2nd year,4,56,59.0,2,50.0,no,8,3
170,2024,Female,Higher Certificate in Information Systems: Software Development,3rd year,6,120,62.0,5,83.3,no,25,2
171,2024,Male,BSc IT: Data Science,3rd year,9,148,71.0,9,100.0,yes,0,0
172,2024,Female,Higher Certificate in Information Systems: Software Development,3rd year,6,120,68.0,5,83.3,no,21,2
173,2024,Male,Higher Certificate in Information Systems: Cloud Computing,3rd year,4,120,60.0,4,100.0,yes,0,0
174,2024,Male,BSc IT: Software Engineering,1st year,4,72,54.0,1,25.0,no,6,2
175,2024,Female,BSc IT: Data Science,1st year,13,160,46.0,9,69.2,no,9,3
176,2024,Female,BSc IT: Data Science,1st year,13,160,46.0,9,69.2,no,9,3
177,2024,Male,Higher Certificate in Information Systems: Software Development,2nd year,4,80,58.0,4,100.0,yes,9,3
178,2024,Male,Higher Certificate in Information Systems: Software Development,3rd year,6,120,51.0,4,66.7,no,5,2
179,2024,Female,Higher Certificate in Information Systems: Software Development,3rd year,6,120,60.0,4,66.7,no,9,2
180,2024,Male,Higher Certificate in Information Systems: Software Development,1st year,9,136,67.0,9,100.0,yes,72,8
181,2024,Male,BSc in CompUter Science,2nd year,7,94,51.0,5,71.4,no,7,3
182,2024,Female,BSc IT: Data Science,1st year,11,136,55.0,6,54.5,no,4,1
183,2024,Male,Higher Certificate in Information Systems: Software Development,3rd year,6,120,67.0,6,100.0,yes,17,2
184,2024,Male,BSc IT: Data Science,3rd year,9,148,72.0,9,100.0,yes,0,0
185,2024,Male,BSc IT: Data Science,3rd year,8,136,73.0,8,100.0,yes,0,0
186,2024,Female,Higher Certificate in Information Systems: Software Development,3rd year,6,120,61.0,5,83.3,no,13,2
187,2024,Male,Higher Certificate in Information Systems: Software Development,3rd year,6,120,62.0,5,83.3,no,5,1
188,2024,Female,Higher Certificate in Information Systems: Cloud Computing,2nd year,8,152,60.0,6,75.0,no,23,7
189,2024,Male,Higher Certificate in Information Systems: Software Development,3rd year,7,130,63.0,6,85.7,no,8,2
190,2024,Male,BSc in CompUter Science,2nd year,4,90,54.0,2,50.0,no,0,0
191,2024,Male,Higher Certificate in Information Systems: Software Development,3rd year,6,120,71.0,5,83.3,no,15,2
192,2024,Female,BSc IT: Robotics,3rd year,8,120,59.0,8,100.0,yes,0,0
193,2024,Male,BSc in CompUter Science,3rd year,6,120,64.0,5,83.3,no,0,0
194,2024,Male,Higher Certificate in Information Systems: Software Development,2nd year,9,138,54.0,7,77.8,no,25,6
195,2024,Female,Higher Certificate in Information Systems: Software Development,2nd year,9,138,58.0,8,88.9,no,46,9
196,2024,Male,Higher Certificate in Information Systems: Software Development,3rd year,6,120,74.0,6,100.0,yes,17,2
197,2024,Female,Higher Certificate in Information Systems: Software Development,2nd year,10,150,71.0,10,100.0,yes,52,12
198,2024,Male,Higher Certificate in Information Systems: Software Development,3rd year,6,120,69.0,6,100.0,yes,15,2
199,2024,Male,Higher Certificate in Information Systems: Software Development,2nd year,9,140,72.0,9,100.0,yes,40,10
200,2024,Male,Higher Certificate in Information Systems: Software Development,3rd year,8,140,64.0,3,37.5,no,6,2
201,2024,Male,Higher Certificate in Information Systems: Software Development,2nd year,6,90,60.0,4,66.7,no,7,4
202,2024,Female,Higher Certificate in Information Systems: Software Development,3rd year,6,120,63.0,5,83.3,no,26,2
203,2024,Female,Higher Certificate in Information Systems: Cloud Computing,3rd year,5,130,62.0,5,100.0,yes,3,1
204,2024,Male,Higher Certificate in Information Systems: Software Development,3rd year,6,120,65.0,6,100.0,yes,9,1
205,2024,Female,Higher Certificate in Information Systems: Software Development,2nd year,9,140,66.0,9,100.0,yes,20,6
206,2024,Male,Higher Certificate in Information Systems: Software Development,3rd year,6,120,64.0,6,100.0,yes,19,2
207,2024,Female,Higher Certificate in Information Systems: Software Development,3rd year,6,120,70.0,6,100.0,yes,9,2
208,2024,Male,BSc in CompUter Science,3rd year,9,140,49.0,5,55.6,no,5,2
209,2024,Female,Higher Certificate in Information Systems: Software Development,1st year,9,136,71.0,9,100.0,yes,45,8
210,2024,Female,BSc IT: Data Science,3rd year,8,136,82.0,8,100.0,yes,0,0
211,2024,Male,Higher Certificate in Information Systems: Software Development,3rd year,7,140,58.0,5,71.4,no,25,4
212,2024,Male,Higher Certificate in Information Systems: Software Development,3rd year,6,120,55.0,4,66.7,no,2,1
213,2024,Male,Higher Certificate in Information Systems: Software Development,3rd year,6,120,62.0,5,83.3,no,13,2
214,2024,Male,Higher Certificate in Information Systems: Software Development,3rd year,6,120,75.0,6,100.0,yes,22,2
215,2024,Female,Higher Certificate in Information Systems: Software Development,3rd year,6,120,71.0,6,100.0,yes,24,2
216,2024,Male,BSc IT: Data Science,3rd year,8,136,74.0,8,100.0,yes,0,0
217,2024,Male,Higher Certificate in Information Systems: Software Development,2nd year,9,160,64.0,8,88.9,no,20,6
218,2024,Female,Higher Certificate in Information Systems: Software Development,3rd year,6,120,68.0,6,100.0,yes,12,2
219,2024,Male,BSc IT: Data Science,3rd year,8,136,67.0,8,100.0,yes,0,0
220,2024,Female,Higher Certificate in Information Systems: Software Development,2nd year,10,148,69.0,10,100.0,yes,59,11
221,2024,Female,Higher Certificate in Information Systems: Cloud Computing,2nd year,5,70,55.0,4,80.0,no,4,2
222,2024,Female,Higher Certificate in Information Systems: Software Development,2nd year,9,140,68.0,9,100.0,yes,50,9
223,2024,Female,Higher Certificate in Information Systems: Software Development,2nd year,9,140,71.0,9,100.0,yes,52,11
224,2024,Female,Higher Certificate in Information Systems: Software Development,3rd year,6,120,65.0,5,83.3,no,27,2
225,2024,Female,Higher Certificate in Information Systems: Software Development,3rd year,6,120,69.0,6,100.0,yes,15,2
226,2024,Female,Higher Certificate in Information Systems: Software Development,2nd year,10,148,65.0,10,100.0,yes,43,8
227,2024,Male,Higher Certificate in Information Systems: Cloud Computing,2nd year,7,116,59.0,7,100.0,yes,17,3
228,2024,Male,Higher Certificate in Information Systems: Software Development,3rd year,7,130,54.0,5,71.4,no,18,2
229,2024,Male,BSc IT: Data Science,2nd year,7,102,70.0,7,100.0,yes,6,2
230,2024,Male,Higher Certificate in Information Systems: Software Development,3rd year,6,120,75.0,6,100.0,yes,17,2
231,2024,Male,Higher Certificate in Information Systems: Software Development,3rd year,6,120,64.0,6,100.0,yes,16,2
232,2024,Female,Higher Certificate in Information Systems: Software Development,3rd year,6,120,63.0,5,83.3,no,15,2
233,2024,Female,BSc IT: Robotics,3rd year,6,80,53.0,4,66.7,no,3,1
234,2024,Male,Higher Certificate in Information Systems: Software Development,2nd year,10,158,57.0,6,60.0,no,13,8
235,2024,Female,BSc in CompUter Science,3rd year,6,120,74.0,6,100.0,yes,0,0
236,2024,Male,Higher Certificate in Information Systems: Software Development,3rd year,6,120,76.0,6,100.0,yes,10,2
237,2024,Male,BSc IT: Data Science,3rd year,8,136,77.0,8,100.0,yes,0,0
238,2024,Female,BSc in CompUter Science,3rd year,9,140,72.0,9,100.0,yes,1,1
239,2024,Male,BSc in CompUter Science,3rd year,8,150,54.0,5,62.5,no,6,1
240,2024,Male,Higher Certificate in Information Systems: Software Development,3rd year,6,120,62.0,4,66.7,no,7,2
241,2024,Female,BSc in CompUter Science,3rd year,8,120,76.0,8,100.0,yes,0,0
242,2024,Male,Higher Certificate in Information Systems: Software Development,3rd year,6,120,71.0,6,100.0,yes,11,2
243,2024,Female,BSc in CompUter Science,1st year,9,112,67.0,9,100.0,yes,21,5
244,2024,Male,Higher Certificate in Information Systems: Software Development,2nd year,6,100,50.0,0,0.0,no,9,4
245,2024,Male,BSc IT: Data Science,3rd year,8,136,68.0,8,100.0,yes,0,0
246,2024,Female,Higher Certificate in Information Systems: Cloud Computing,3rd year,4,120,60.0,4,100.0,yes,0,0
247,2024,Male,Higher Certificate in Information Systems: Software Development,3rd year,6,120,56.0,4,66.7,no,14,2
248,2024,Female,BSc in CompUter Science,1st year,12,144,63.0,12,100.0,yes,18,5
249,2024,Male,Higher Certificate in Information Systems: Cloud Computing,3rd year,5,130,59.0,5,100.0,yes,0,0
250,2024,Female,Higher Certificate in Information Systems: Software Development,3rd year,6,120,75.0,6,100.0,yes,12,2
251,2024,Male,Higher Certificate in Information Systems: Software Development,3rd year,6,120,66.0,6,100.0,yes,5,2
252,2024,Female,Higher Certificate in Information Systems: Software Development,3rd year,6,120,70.0,6,100.0,yes,7,2
253,2024,Male,BSc in CompUter Science,2nd year,6,90,60.0,5,83.3,no,0,0
254,2024,Male,BSc IT: Data Science,1st year,6,62,42.0,2,33.3,no,10,3
255,2024,Male,BSc IT: Data Science,1st year,11,136,60.0,7,63.6,no,8,2
256,2024,Male,BSc in CompUter Science,3rd year,8,160,56.0,4,50.0,no,0,0
257,2024,Female,Higher Certificate in Information Systems: Software Development,3rd year,6,120,53.0,4,66.7,no,13,2
258,2024,Male,BSc IT: Data Science,3rd year,8,136,84.0,8,100.0,yes,0,0
259,2024,Female,Higher Certificate in Information Systems: Software Development,1st year,9,136,62.0,8,88.9,no,38,7
260,2024,Male,Higher Certificate in Information Systems: Cloud Computing,3rd year,4,120,62.0,4,100.0,yes,0,0
261,2024,Male,Higher Certificate in Information Systems: Software Development,3rd year,6,120,63.0,6,100.0,yes,8,2
262,2024,Female,Higher Certificate in Information Systems: Software Development,2nd year,9,140,69.0,9,100.0,yes,43,10
263,2024,Male,BSc IT: Data Science,1st year,11,136,66.0,11,100.0,yes,11,5
264,2024,Male,BSc in CompUter Science,3rd year,6,120,56.0,6,100.0,yes,0,0
265,2024,Male,Higher Certificate in Information Systems: Software Development,1st year,9,136,61.0,8,88.9,no,63,8
266,2024,Male,Higher Certificate in Information Systems: Software Development,3rd year,8,140,55.0,5,62.5,no,28,4
267,2024,Female,Higher Certificate in Information Systems: Cloud Computing,3rd year,4,120,62.0,4,100.0,yes,0,0
268,2024,Female,Higher Certificate in Information Systems: Cloud Computing,3rd year,4,120,68.0,4,100.0,yes,0,0
269,2024,Female,BSc IT: Robotics,3rd year,8,120,72.0,8,100.0,yes,0,0
270,2024,Male,Higher Certificate in Information Systems: Software Development,2nd year,9,140,71.0,9,100.0,yes,52,10
271,2024,Female,BSc IT: Software Engineering,3rd year,8,120,61.0,7,87.5,no,10,2
272,2024,Female,Higher Certificate in Information Systems: Cloud Computing,2nd year,5,120,50.0,2,40.0,no,0,0
273,2024,Male,BSc IT: Data Science,2nd year,10,126,52.0,7,70.0,no,0,0
274,2024,Female,BSc in CompUter Science,3rd year,6,120,76.0,6,100.0,yes,0,0
275,2024,Female,BSc IT: Data Science,3rd year,9,156,72.0,9,100.0,yes,5,1
276,2024,Female,BSc in CompUter Science,3rd year,8,120,67.0,8,100.0,yes,0,0
277,2024,Male,BSc IT: Data Science,3rd year,8,136,74.0,8,100.0,yes,0,0
278,2024,Female,Higher Certificate in Information Systems: Software Development,3rd year,6,120,66.0,5,83.3,no,19,2
279,2024,Male,Higher Certificate in Information Systems: Software Development,1st year,9,136,69.0,8,88.9,no,67,8
280,2024,Male,Higher Certificate in Information Systems: Software Development,2nd year,9,140,54.0,7,77.8,no,40,9
281,2024,Female,Higher Certificate in Information Systems: Software Development,1st year,9,136,66.0,9,100.0,yes,55,8
282,2024,Female,Higher Certificate in Information Systems: Cloud Computing,3rd year,5,140,55.0,4,80.0,no,0,0
283,2024,Female,BSc in CompUter Science,2nd year,7,120,55.0,6,85.7,no,20,4
284,2024,Female,Higher Certificate in Information Systems: Cloud Computing,3rd year,4,120,78.0,4,100.0,yes,0,0
285,2024,Male,Higher Certificate in Information Systems: Software Development,3rd year,6,120,78.0,6,100.0,yes,13,2
286,2024,Female,Higher Certificate in Information Systems: Software Development,3rd year,6,120,69.0,6,100.0,yes,13,2
287,2024,Male,Higher Certificate in Information Systems: Software Development,3rd year,6,120,70.0,6,100.0,yes,22,2
288,2024,Female,BSc in CompUter Science,2nd year,7,120,59.0,7,100.0,yes,16,4
289,2024,Male,Higher Certificate in Information Systems: Software Development,2nd year,9,140,65.0,8,88.9,no,73,10
290,2024,Male,Higher Certificate in Information Systems: Software Development,2nd year,10,148,64.0,9,90.0,no,33,10
291,2024,Female,Higher Certificate in Information Systems: Software Development,3rd year,6,120,76.0,6,100.0,yes,12,2
292,2024,Male,Higher Certificate in Information Systems: Software Development,2nd year,9,140,71.0,9,100.0,yes,36,9
293,2024,Male,Higher Certificate in Information Systems: Software Development,3rd year,6,120,58.0,5,83.3,no,2,2
294,2024,Female,Higher Certificate in Information Systems: Software Development,2nd year,5,90,59.0,4,80.0,no,23,7
295,2024,Male,Higher Certificate in Information Systems: Software Development,1st year,9,136,58.0,9,100.0,yes,28,6
296,2024,Female,Higher Certificate in Information Systems: Software Development,3rd year,6,120,65.0,5,83.3,no,18,2
297,2024,Female,Higher Certificate in Information Systems: Software Development,2nd year,9,140,68.0,9,100.0,yes,60,11
298,2024,Male,Higher Certificate in Information Systems: Software Development,2nd year,9,140,61.0,8,88.9,no,41,9
299,2024,Female,Higher Certificate in Information Systems: Cloud Computing,3rd year,6,140,62.0,6,100.0,yes,2,1
300,2024,Female,Higher Certificate in Information Systems: Software Development,2nd year,9,150,66.0,9,100.0,yes,32,9
301,2024,Female,BSc IT: Data Science,3rd year,8,136,79.0,8,100.0,yes,0,0
302,2024,Male,Higher Certificate in Information Systems: Software Development,2nd year,9,140,73.0,8,88.9,no,37,9
303,2024,Male,Higher Certificate in Information Systems: Software Development,2nd year,9,140,61.0,8,88.9,no,43,11
304,2024,Female,Higher Certificate in Information Systems: Software Development,2nd year,9,140,76.0,9,100.0,yes,64,10
305,2024,Male,Higher Certificate in Information Systems: Software Development,3rd year,6,120,62.0,4,66.7,no,19,2
306,2024,Female,BSc in CompUter Science,2nd year,5,90,51.0,4,80.0,no,17,4
307,2024,Male,BSc in CompUter Science,1st year,12,144,42.0,0,0.0,no,12,4
308,2024,Female,BSc IT: Software Engineering,3rd year,5,70,67.0,5,100.0,yes,0,0
309,2024,Male,BSc in CompUter Science,3rd year,6,120,65.0,6,100.0,yes,0,0
310,2024,Female,Higher Certificate in Information Systems: Software Development,3rd year,6,120,81.0,6,100.0,yes,10,2
311,2024,Female,Higher Certificate in Information Systems: Software Development,3rd year,6,120,70.0,6,100.0,yes,7,2
312,2024,Female,BSc IT: Data Science,1st year,11,136,55.0,9,81.8,no,14,3
313,2024,Male,BSc in CompUter Science,2nd year,3,60,40.0,0,0.0,no,7,1
314,2024,Female,Higher Certificate in Information Systems: Software Development,2nd year,9,140,64.0,9,100.0,yes,37,10
315,2024,Male,Higher Certificate in Information Systems: Software Development,2nd year,9,140,60.0,8,88.9,no,26,8
316,2024,Female,Higher Certificate in Information Systems: Software Development,3rd year,6,120,73.0,6,100.0,yes,32,2
317,2024,Male,Higher Certificate in Information Systems: Software Development,1st year,15,236,59.0,14,93.3,no,17,6
318,2024,Male,Higher Certificate in Information Systems: Software Development,1st year,15,236,59.0,14,93.3,no,17,6
319,2024,Female,Higher Certificate in Information Systems: Software Development,3rd year,7,130,64.0,6,85.7,no,8,2
320,2024,Male,Higher Certificate in Information Systems: Software Development,3rd year,6,120,71.0,6,100.0,yes,14,2
321,2024,Female,Higher Certificate in Information Systems: Software Development,2nd year,5,80,50.0,2,40.0,no,9,4
322,2024,Male,BSc IT: Data Science,3rd year,8,136,68.0,8,100.0,yes,0,0
323,2024,Female,Higher Certificate in Information Systems: Software Development,3rd year,6,120,54.0,4,66.7,no,22,2
324,2024,Male,Higher Certificate in Information Systems: Software Development,3rd year,6,120,65.0,5,83.3,no,11,2
325,2024,Male,BSc IT: Data Science,2nd year,9,116,60.0,8,88.9,no,3,2
326,2024,Female,BSc IT: Robotics,3rd year,8,120,63.0,7,87.5,no,0,0
327,2024,Male,Higher Certificate in Information Systems: Software Development,3rd year,6,120,62.0,5,83.3,no,16,2
328,2024,Female,BSc IT: Software Engineering,3rd year,9,130,50.0,6,66.7,no,1,1
329,2024,Female,Higher Certificate in Information Systems: Cloud Computing,3rd year,4,120,66.0,4,100.0,yes,0,0
330,2024,Male,Higher Certificate in Information Systems: Software Development,2nd year,3,48,65.0,3,100.0,yes,8,1
331,2024,Female,Higher Certificate in Information Systems: Software Development,3rd year,7,140,54.0,5,71.4,no,49,5
332,2024,Female,Higher Certificate in Information Systems: Software Development,3rd year,6,120,77.0,6,100.0,yes,16,2
333,2024,Male,BSc IT: Data Science,3rd year,9,136,62.0,9,100.0,yes,0,0
334,2024,Male,Higher Certificate in Information Systems: Software Development,2nd year,10,146,41.0,5,50.0,no,17,6
335,2024,Female,BSc in CompUter Science,3rd year,7,140,67.0,7,100.0,yes,6,1
336,2024,Female,BSc IT: Robotics,3rd year,7,130,62.0,7,100.0,yes,1,1
337,2024,Female,Higher Certificate in Information Systems: Software Development,2nd year,9,140,63.0,9,100.0,yes,61,11
338,2024,Female,Higher Certificate in Information Systems: Software Development,2nd year,9,140,66.0,9,100.0,yes,38,9
339,2024,Female,Higher Certificate in Information Systems: Software Development,2nd year,9,140,69.0,9,100.0,yes,61,11
340,2024,Male,BSc in CompUter Science,2nd year,6,104,34.0,1,16.7,no,6,1
341,2024,Female,Higher Certificate in Information Systems: Software Development,2nd year,11,168,65.0,11,100.0,yes,39,10
342,2024,Female,Higher Certificate in Information Systems: Software Development,3rd year,6,120,74.0,6,100.0,yes,31,2
343,2024,Male,Higher Certificate in Information Systems: Software Development,3rd year,6,120,60.0,4,66.7,no,15,2
344,2024,Female,Higher Certificate in Information Systems: Cloud Computing,3rd year,5,130,54.0,4,80.0,no,4,1
345,2024,Male,Higher Certificate in Information Systems: Software Development,3rd year,6,120,58.0,5,83.3,no,17,2
346,2024,Male,Higher Certificate in Information Systems: Software Development,2nd year,7,86,62.0,6,85.7,no,4,2
347,2024,Male,Higher Certificate in Information Systems: Software Development,3rd year,6,120,63.0,4,66.7,no,9,2
348,2024,Female,BSc IT: Software Engineering,1st year,14,128,28.0,0,0.0,no,5,3
349,2024,Female,Higher Certificate in Information Systems: Cloud Computing,3rd year,4,120,62.0,4,100.0,yes,0,0
350,2024,Female,Higher Certificate in Information Systems: Software Development,2nd year,9,140,74.0,9,100.0,yes,69,11
351,2024,Male,Higher Certificate in Information Systems: Software Development,2nd year,8,150,59.0,5,62.5,no,19,5
352,2024,Female,Higher Certificate in Information Systems: Software Development,2nd year,10,148,64.0,9,90.0,no,44,10
353,2024,Female,BSc IT: Data Science,3rd year,8,136,80.0,8,100.0,yes,0,0
354,2024,Female,Higher Certificate in Information Systems: Software Development,3rd year,6,120,57.0,5,83.3,no,12,2
355,2024,Male,Higher Certificate in Information Systems: Software Development,2nd year,9,140,67.0,8,88.9,no,56,10
356,2024,Male,Higher Certificate in Information Systems: Software Development,2nd year,9,140,61.0,9,100.0,yes,27,8
357,2024,Female,Higher Certificate in Information Systems: Software Development,3rd year,7,140,70.0,7,100.0,yes,28,3
358,2024,Female,Higher Certificate in Information Systems: Software Development,3rd year,6,120,63.0,5,83.3,no,22,2
359,2024,Male,Higher Certificate in Information Systems: Software Development,2nd year,9,140,78.0,9,100.0,yes,79,10
360,2024,Female,BSc in CompUter Science,3rd year,6,120,82.0,6,100.0,yes,0,0
361,2024,Female,Higher Certificate in Information Systems: Cloud Computing,3rd year,5,130,70.0,5,100.0,yes,5,1
362,2024,Male,Higher Certificate in Information Systems: Software Development,1st year,9,136,72.0,9,100.0,yes,26,8
363,2024,Male,Higher Certificate in Information Systems: Software Development,2nd year,11,156,50.0,7,63.6,no,22,7
364,2024,Female,Higher Certificate in Information Systems: Software Development,2nd year,9,140,69.0,9,100.0,yes,55,9
365,2024,Male,BSc IT: Data Science,1st year,8,88,0.0,0,0.0,no,4,2
366,2024,Female,Higher Certificate in Information Systems: Software Development,2nd year,18,276,60.0,15,83.3,no,23,7
367,2024,Female,Higher Certificate in Information Systems: Cyber Security,1st year,10,120,50.0,3,30.0,no,0,0
368,2024,Female,Higher Certificate in Information Systems: Cloud Computing,3rd year,5,130,66.0,5,100.0,yes,5,1
369,2024,Male,BSc IT: Data Science,3rd year,9,148,48.0,4,44.4,no,0,0
370,2024,Male,Higher Certificate in Information Systems: Cyber Security,1st year,10,120,67.0,10,100.0,yes,0,0
371,2024,Male,BSc IT: Data Science,3rd year,10,154,62.0,10,100.0,yes,7,1
372,2024,Female,Higher Certificate in Information Systems: Cloud Computing,3rd year,5,130,63.0,5,100.0,yes,5,1
373,2024,Female,Higher Certificate in Information Systems: Cloud Computing,3rd year,4,120,77.0,4,100.0,yes,0,0
374,2024,Male,Higher Certificate in Information Systems: Software Development,3rd year,9,170,56.0,7,77.8,no,16,3
375,2024,Male,Higher Certificate in Information Systems: Software Development,2nd year,9,140,70.0,8,88.9,no,39,9
376,2024,Male,BSc IT: Data Science,3rd year,8,136,77.0,8,100.0,yes,0,0
377,2024,Male,BSc in CompUter Science,1st year,12,144,58.0,10,83.3,no,11,3
378,2024,Female,BSc IT: Software Engineering,3rd year,7,100,61.0,6,85.7,no,3,1
379,2024,Female,BSc in CompUter Science,3rd year,6,120,78.0,6,100.0,yes,0,0
380,2024,Male,Higher Certificate in Information Systems: Software Development,2nd year,4,70,28.0,0,0.0,no,8,3
381,2024,Female,Higher Certificate in Information Systems: Software Development,3rd year,6,120,62.0,5,83.3,no,32,2
382,2024,Male,BSc IT: Robotics,1st year,4,64,36.0,0,0.0,no,2,1
383,2024,Male,BSc IT: Software Engineering,2nd year,5,80,38.0,1,20.0,no,0,0
384,2024,Female,Higher Certificate in Information Systems: Software Development,3rd year,5,90,57.0,4,80.0,no,29,5
385,2024,Male,Higher Certificate in Information Systems: Software Development,3rd year,6,120,0.0,0,0.0,no,1,1
386,2024,Female,Higher Certificate in Information Systems: Software Development,3rd year,6,120,64.0,5,83.3,no,16,2
387,2024,Male,BSc in CompUter Science,3rd year,9,140,63.0,9,100.0,yes,0,0
388,2024,Female,Higher Certificate in Information Systems: Software Development,3rd year,6,120,62.0,6,100.0,yes,10,2
389,2024,Male,BSc IT: Data Science,1st year,11,136,56.0,10,90.9,no,6,2
390,2024,Female,BSc in CompUter Science,3rd year,7,140,62.0,7,100.0,yes,0,0
391,2024,Female,Higher Certificate in Information Systems: Software Development,3rd year,6,120,66.0,6,100.0,yes,26,2
392,2024,Male,BSc in CompUter Science,3rd year,6,120,60.0,6,100.0,yes,0,0
393,2024,Male,BSc in CompUter Science,3rd year,9,130,62.0,9,100.0,yes,0,0
394,2024,Female,Higher Certificate in Information Systems: Software Development,2nd year,9,140,60.0,9,100.0,yes,64,11
395,2024,Female,Higher Certificate in Information Systems: Software Development,3rd year,6,120,59.0,5,83.3,no,11,2
396,2024,Male,BSc in CompUter Science,2nd year,7,120,61.0,7,100.0,yes,5,2
397,2024,Male,BSc IT: Data Science,2nd year,11,136,55.0,8,72.7,no,5,2
398,2024,Male,Higher Certificate in Information Systems: Software Development,3rd year,8,140,63.0,3,37.5,no,9,2
399,2024,Male,Higher Certificate in Information Systems: Software Development,3rd year,7,130,63.0,6,85.7,no,4,2
400,2024,Male,Higher Certificate in Information Systems: Software Development,2nd year,9,140,66.0,9,100.0,yes,48,10
401,2024,Female,Higher Certificate in Information Systems: Software Development,2nd year,9,140,76.0,9,100.0,yes,80,11
402,2024,Female,Higher Certificate in Information Systems: Software Development,2nd year,9,140,71.0,9,100.0,yes,55,9
403,2024,Female,BSc IT: Data Science,3rd year,8,136,78.0,8,100.0,yes,0,0
404,2024,Female,BSc in CompUter Science,1st year,12,144,62.0,12,100.0,yes,22,6
405,2024,Female,Higher Certificate in Information Systems: Software Development,3rd year,6,120,72.0,5,83.3,no,19,2
406,2024,Female,Higher Certificate in Information Systems: Software Development,1st year,9,136,67.0,9,100.0,yes,45,7
407,2024,Male,BSc in CompUter Science,3rd year,6,120,64.0,6,100.0,yes,0,0
408,2024,Male,Higher Certificate in Information Systems: Software Development,2nd year,9,140,61.0,9,100.0,yes,23,9
409,2024,Male,Higher Certificate in Information Systems: Software Development,2nd year,9,140,70.0,8,88.9,no,35,8
410,2024,Female,Higher Certificate in Information Systems: Software Development,2nd year,4,60,51.0,3,75.0,no,4,2
411,2024,Female,Higher Certificate in Information Systems: Software Development,2nd year,8,130,58.0,6,75.0,no,16,7
412,2024,Female,BSc in CompUter Science,3rd year,6,120,79.0,6,100.0,yes,0,0
413,2024,Female,Higher Certificate in Information Systems: Software Development,2nd year,9,140,68.0,9,100.0,yes,56,10
414,2024,Female,Higher Certificate in Information Systems: Cloud Computing,1st year,6,96,56.0,4,66.7,no,12,4
415,2024,Male,BSc in CompUter Science,3rd year,8,120,65.0,8,100.0,yes,0,0
416,2024,Male,Higher Certificate in Information Systems: Software Development,1st year,9,136,60.0,8,88.9,no,23,8
417,2024,Female,Higher Certificate in Information Systems: Software Development,3rd year,6,120,70.0,6,100.0,yes,28,2
418,2024,Male,Higher Certificate in Information Systems: Software Development,2nd year,9,140,51.0,5,55.6,no,33,9
419,2024,Female,Higher Certificate in Information Systems: Software Development,3rd year,7,130,59.0,6,85.7,no,12,4
420,2024,Male,BSc in CompUter Science,1st year,12,144,68.0,12,100.0,yes,15,5
421,2024,Male,BSc IT: Software Engineering,3rd year,6,120,66.0,6,100.0,yes,0,0
422,2024,Female,BSc IT: Data Science,2nd year,5,64,52.0,3,60.0,no,1,1
423,2024,Female,Higher Certificate in Information Systems: Software Development,2nd year,9,140,60.0,9,100.0,yes,57,11
424,2024,Male,BSc in CompUter Science,3rd year,8,120,82.0,8,100.0,yes,0,0
425,2024,Male,BSc IT: Data Science,2nd year,10,126,66.0,8,80.0,no,16,2
426,2024,Female,Higher Certificate in Information Systems: Cloud Computing,3rd year,4,120,70.0,4,100.0,yes,0,0
427,2024,Female,Higher Certificate in Information Systems: Software Development,3rd year,6,120,58.0,4,66.7,no,9,2
428,2024,Male,BSc in CompUter Science,3rd year,6,120,65.0,6,100.0,yes,0,0
429,2024,Male,Higher Certificate in Information Systems: Software Development,1st year,9,136,72.0,9,100.0,yes,62,8
430,2024,Female,BSc IT: Data Science,2nd year,10,126,76.0,10,100.0,yes,9,2
431,2024,Male,BSc IT: Data Science,2nd year,10,126,66.0,10,100.0,yes,9,2
432,2024,Male,BSc in CompUter Science,1st year,12,144,70.0,12,100.0,yes,18,6
433,2024,Male,Higher Certificate in Information Systems: Software Development,3rd year,6,120,53.0,3,50.0,no,11,2
434,2024,Male,BSc IT: Data Science,3rd year,8,136,73.0,8,100.0,yes,0,0
435,2024,Female,Higher Certificate in Information Systems: Software Development,3rd year,6,120,64.0,6,100.0,yes,18,2
436,2024,Female,Higher Certificate in Information Systems: Software Development,2nd year,7,120,47.0,5,71.4,no,16,3
437,2024,Male,Higher Certificate in Information Systems: Software Development,3rd year,6,120,68.0,6,100.0,yes,23,2
438,2024,Female,Higher Certificate in Information Systems: Software Development,3rd year,6,120,76.0,6,100.0,yes,13,2
439,2024,Male,Higher Certificate in Information Systems: Software Development,2nd year,9,140,81.0,9,100.0,yes,28,8
440,2024,Female,Higher Certificate in Information Systems: Software Development,3rd year,6,120,76.0,6,100.0,yes,19,2
441,2024,Male,Higher Certificate in Information Systems: Software Development,1st year,5,80,60.0,4,80.0,no,7,4
442,2024,Female,Higher Certificate in Information Systems: Cloud Computing,1st year,5,72,63.0,4,80.0,no,11,4
443,2024,Female,Higher Certificate in Information Systems: Software Development,3rd year,6,120,76.0,6,100.0,yes,30,2
444,2024,Female,BSc IT: Data Science,1st year,11,136,56.0,9,81.8,no,14,3
445,2024,Male,Higher Certificate in Information Systems: Software Development,3rd year,6,120,69.0,6,100.0,yes,1,1
446,2024,Female,Higher Certificate in Information Systems: Software Development,2nd year,9,140,70.0,9,100.0,yes,63,10
447,2024,Male,Higher Certificate in Information Systems: Software Development,1st year,9,136,71.0,9,100.0,yes,79,9
448,2024,Female,Higher Certificate in Information Systems: Software Development,3rd year,6,120,82.0,6,100.0,yes,24,2
449,2024,Male,Higher Certificate in Information Systems: Software Development,3rd year,7,140,60.0,5,71.4,no,21,3
450,2024,Male,Higher Certificate in Information Systems: Cloud Computing,3rd year,4,120,64.0,4,100.0,yes,0,0
451,2024,Female,Higher Certificate in Information Systems: Cyber Security,1st year,10,120,64.0,9,90.0,no,0,0
452,2024,Female,Higher Certificate in Information Systems: Cloud Computing,2nd year,7,128,58.0,6,85.7,no,7,3
453,2024,Female,BSc IT: Robotics,3rd year,8,120,85.0,8,100.0,yes,0,0
454,2024,Male,BSc in CompUter Science,2nd year,8,110,47.0,2,25.0,no,0,0
455,2024,Female,Higher Certificate in Information Systems: Software Development,3rd year,6,120,68.0,6,100.0,yes,35,2
456,2024,Female,Higher Certificate in Information Systems: Cloud Computing,2nd year,7,116,69.0,7,100.0,yes,27,5
457,2024,Female,Higher Certificate in Information Systems: Cloud Computing,3rd year,4,120,59.0,4,100.0,yes,0,0
458,2024,Female,BSc in CompUter Science,2nd year,7,116,51.0,5,71.4,no,7,2
459,2024,Female,BSc in CompUter Science,3rd year,7,120,46.0,2,28.6,no,0,0
460,2024,Male,Higher Certificate in Information Systems: Software Development,1st year,6,76,53.0,5,83.3,no,3,3
461,2024,Female,Higher Certificate in Information Systems: Software Development,1st year,9,136,59.0,8,88.9,no,26,8
462,2024,Female,BSc IT: Data Science,3rd year,8,136,0.0,0,0.0,no,0,0
463,2024,Male,BSc IT: Software Engineering,3rd year,6,120,69.0,6,100.0,yes,0,0
464,2024,Female,Higher Certificate in Information Systems: Software Development,3rd year,7,130,57.0,6,85.7,no,5,2
465,2024,Male,Higher Certificate in Information Systems: Software Development,3rd year,6,120,64.0,6,100.0,yes,14,2
466,2024,Female,Higher Certificate in Information Systems: Software Development,1st year,3,38,0.0,0,0.0,no,2,1
467,2024,Female,Higher Certificate in Information Systems: Cloud Computing,2nd year,5,120,49.0,3,60.0,no,0,0
468,2024,Male,Higher Certificate in Information Systems: Software Development,2nd year,9,140,66.0,9,100.0,yes,38,9
469,2024,Male,Higher Certificate in Information Systems: Cloud Computing,1st year,9,152,50.0,6,66.7,no,14,6
470,2024,Female,Higher Certificate in Information Systems: Software Development,2nd year,9,140,69.0,9,100.0,yes,38,9
471,2024,Female,Higher Certificate in Information Systems: Cloud Computing,2nd year,6,120,54.0,4,66.7,no,19,5
472,2024,Female,BSc IT: Data Science,3rd year,8,136,80.0,8,100.0,yes,0,0
473,2024,Female,BSc IT: Robotics,3rd year,8,120,54.0,6,75.0,no,0,0
474,2024,Female,Higher Certificate in Information Systems: Cloud Computing,1st year,12,144,64.0,12,100.0,yes,3,2
475,2024,Male,Higher Certificate in Information Systems: Software Development,2nd year,9,140,73.0,9,100.0,yes,24,6
476,2024,Male,Higher Certificate in Information Systems: Software Development,2nd year,10,148,70.0,10,100.0,yes,51,10
477,2024,Male,BSc in CompUter Science,1st year,12,144,67.0,12,100.0,yes,11,4
478,2024,Male,Higher Certificate in Information Systems: Software Development,1st year,9,136,69.0,9,100.0,yes,66,9
479,2024,Female,BSc IT: Data Science,2nd year,10,126,72.0,10,100.0,yes,17,2
480,2024,Female,BSc IT: Data Science,1st year,8,106,61.0,7,87.5,no,4,1
481,2024,Female,Higher Certificate in Information Systems: Software Development,2nd year,9,140,80.0,9,100.0,yes,71,10
482,2024,Female,Higher Certificate in Information Systems: Software Development,2nd year,10,158,57.0,7,70.0,no,25,8
483,2024,Female,Higher Certificate in Information Systems: Software Development,2nd year,11,166,77.0,11,100.0,yes,50,9
484,2024,Female,Higher Certificate in Information Systems: Software Development,2nd year,9,140,80.0,9,100.0,yes,60,9
485,2024,Female,Higher Certificate in Information Systems: Cloud Computing,2nd year,7,116,67.0,7,100.0,yes,24,4
486,2024,Male,Higher Certificate in Information Systems: Software Development,2nd year,9,140,0.0,0,0.0,no,20,7
487,2024,Male,Higher Certificate in Information Systems: Software Development,2nd year,9,140,68.0,9,100.0,yes,60,10
488,2024,Female,BSc in CompUter Science,2nd year,7,120,56.0,7,100.0,yes,21,4
489,2024,Female,Higher Certificate in Information Systems: Software Development,1st year,9,136,74.0,9,100.0,yes,43,8
490,2024,Female,Higher Certificate in Information Systems: Cloud Computing,2nd year,8,120,66.0,7,87.5,no,19,5
491,2024,Male,BSc in CompUter Science,2nd year,7,116,56.0,5,71.4,no,6,2
492,2024,Female,Higher Certificate in Information Systems: Software Development,2nd year,9,140,76.0,9,100.0,yes,55,11
493,2024,Male,Higher Certificate in Information Systems: Cloud Computing,2nd year,9,160,57.0,8,88.9,no,10,4
494,2024,Female,BSc IT: Data Science,1st year,11,136,59.0,10,90.9,no,31,6
495,2024,Female,Higher Certificate in Information Systems: Software Development,2nd year,9,140,80.0,9,100.0,yes,89,11
496,2024,Female,Higher Certificate in Information Systems: Cloud Computing,1st year,9,160,55.0,7,77.8,no,15,5
497,2024,Male,Higher Certificate in Information Systems: Software Development,2nd year,9,140,78.0,9,100.0,yes,27,6
498,2024,Male,Higher Certificate in Information Systems: Software Development,2nd year,9,140,83.0,9,100.0,yes,72,11
499,2024,Male,Higher Certificate in Information Systems: Software Development,2nd year,9,140,70.0,9,100.0,yes,28,8
500,2024,Female,Higher Certificate in Information Systems: Cloud Computing,1st year,5,80,54.0,5,100.0,yes,11,2
501,2024,Female,Higher Certificate in Information Systems: Software Development,2nd year,10,148,62.0,8,80.0,no,57,10
502,2024,Male,BSc in CompUter Science,2nd year,5,96,58.0,2,40.0,no,3,2
503,2024,Female,Higher Certificate in Information Systems: Software Development,2nd year,9,140,68.0,9,100.0,yes,46,10
504,2024,Male,BSc IT: Data Science,2nd year,10,132,59.0,8,80.0,no,20,5
505,2024,Male,BSc IT: Data Science,2nd year,10,126,64.0,9,90.0,no,13,2
506,2024,Male,Higher Certificate in Information Systems: Software Development,2nd year,9,140,76.0,9,100.0,yes,45,9
507,2024,Male,BSc IT: Data Science,1st year,6,84,56.0,5,83.3,no,17,3
508,2024,Female,Higher Certificate in Information Systems: Software Development,1st year,9,136,70.0,9,100.0,yes,73,9
509,2024,Female,Higher Certificate in Information Systems: Cloud Computing,1st year,5,80,65.0,5,100.0,yes,3,1
510,2024,Female,Higher Certificate in Information Systems: Software Development,2nd year,9,140,54.0,8,88.9,no,52,10
511,2024,Male,Higher Certificate in Information Systems: Software Development,2nd year,9,140,83.0,9,100.0,yes,52,10
512,2024,Female,Higher Certificate in Information Systems: Cloud Computing,2nd year,7,116,69.0,7,100.0,yes,27,4
513,2024,Female,Higher Certificate in Information Systems: Cloud Computing,2nd year,8,120,76.0,8,100.0,yes,10,3
514,2024,Male,Higher Certificate in Information Systems: Cyber Security,1st year,10,120,66.0,10,100.0,yes,0,0
515,2024,Female,Higher Certificate in Information Systems: Software Development,2nd year,9,140,66.0,9,100.0,yes,48,10
516,2024,Female,Higher Certificate in Information Systems: Cyber Security,1st year,10,120,70.0,10,100.0,yes,0,0
517,2024,Female,Higher Certificate in Information Systems: Software Development,1st year,9,136,60.0,8,88.9,no,25,6
518,2024,Male,BSc IT: Data Science,1st year,11,136,47.0,3,27.3,no,4,2
519,2024,Female,BSc in CompUter Science,2nd year,7,120,47.0,3,42.9,no,15,4
520,2024,Male,Higher Certificate in Information Systems: Software Development,1st year,7,96,53.0,6,85.7,no,14,4
521,2024,Female,Higher Certificate in Information Systems: Software Development,2nd year,9,140,79.0,9,100.0,yes,54,9
522,2024,Male,BSc IT: Data Science,2nd year,7,94,72.0,7,100.0,yes,3,2
523,2024,Male,Higher Certificate in Information Systems: Software Development,1st year,9,136,63.0,9,100.0,yes,58,9
524,2024,Male,Higher Certificate in Information Systems: Cloud Computing,2nd year,8,120,60.0,8,100.0,yes,23,4
525,2024,Female,Higher Certificate in Information Systems: Software Development,2nd year,9,140,71.0,9,100.0,yes,55,10
526,2024,Male,Higher Certificate in Information Systems: Software Development,2nd year,9,140,76.0,9,100.0,yes,37,9
527,2024,Female,Higher Certificate in Information Systems: Software Development,2nd year,10,150,64.0,10,100.0,yes,44,11
528,2024,Female,BSc IT: Data Science,1st year,11,136,55.0,4,36.4,no,17,5
529,2024,Male,Higher Certificate in Information Systems: Software Development,1st year,9,136,72.0,9,100.0,yes,49,9
530,2024,Female,Higher Certificate in Information Systems: Cloud Computing,2nd year,9,148,61.0,8,88.9,no,18,4
531,2024,Female,Higher Certificate in Information Systems: Software Development,2nd year,9,140,71.0,9,100.0,yes,61,9
532,2024,Male,Higher Certificate in Information Systems: Software Development,2nd year,9,140,78.0,9,100.0,yes,49,10
533,2024,Male,Higher Certificate in Information Systems: Software Development,2nd year,11,156,55.0,7,63.6,no,51,10
534,2024,Male,Higher Certificate in Information Systems: Software Development,2nd year,9,140,78.0,9,100.0,yes,55,11
535,2024,Male,BSc in CompUter Science,2nd year,7,120,73.0,7,100.0,yes,10,2
536,2024,Female,Higher Certificate in Information Systems: Cloud Computing,2nd year,6,112,59.0,6,100.0,yes,13,4
537,2024,Female,BSc IT: Data Science,2nd year,10,126,58.0,8,80.0,no,2,1
538,2024,Male,Higher Certificate in Information Systems: Software Development,1st year,9,136,63.0,9,100.0,yes,44,9
539,2024,Female,Higher Certificate in Information Systems: Software Development,1st year,9,136,70.0,9,100.0,yes,58,9
540,2024,Female,Higher Certificate in Information Systems: Software Development,2nd year,9,140,64.0,9,100.0,yes,57,9
541,2024,Female,Higher Certificate in Information Systems: Software Development,2nd year,9,140,78.0,9,100.0,yes,72,11
542,2024,Female,Higher Certificate in Information Systems: Cloud Computing,2nd year,8,152,64.0,8,100.0,yes,42,7
543,2024,Female,Higher Certificate in Information Systems: Cloud Computing,1st year,12,144,62.0,11,91.7,no,16,6
544,2024,Male,Higher Certificate in Information Systems: Software Development,1st year,9,136,70.0,9,100.0,yes,33,7
545,2024,Female,Higher Certificate in Information Systems: Software Development,1st year,7,120,55.0,5,71.4,no,15,5
546,2024,Female,Higher Certificate in Information Systems: Software Development,2nd year,10,158,64.0,10,100.0,yes,66,10
547,2024,Male,Higher Certificate in Information Systems: Software Development,2nd year,9,150,65.0,9,100.0,yes,36,7
548,2024,Female,Higher Certificate in Information Systems: Software Development,1st year,9,136,46.0,4,44.4,no,39,9
549,2024,Female,Higher Certificate in Information Systems: Software Development,2nd year,9,140,72.0,9,100.0,yes,54,9
550,2024,Female,Higher Certificate in Information Systems: Cyber Security,1st year,10,120,72.0,10,100.0,yes,0,0
551,2024,Male,Higher Certificate in Information Systems: Cloud Computing,2nd year,8,120,68.0,8,100.0,yes,25,4
552,2024,Male,Higher Certificate in Information Systems: Software Development,2nd year,9,140,68.0,9,100.0,yes,55,10
553,2024,Male,Higher Certificate in Information Systems: Cyber Security,1st year,10,120,64.0,10,100.0,yes,0,0
554,2024,Male,BSc in CompUter Science,2nd year,8,120,74.0,8,100.0,yes,17,2
555,2024,Male,BSc in CompUter Science,2nd year,7,120,58.0,5,71.4,no,10,3
556,2024,Male,Higher Certificate in Information Systems: Software Development,2nd year,10,136,49.0,6,60.0,no,19,8
557,2024,Female,Higher Certificate in Information Systems: Software Development,2nd year,9,140,75.0,9,100.0,yes,44,10
558,2024,Female,Higher Certificate in Information Systems: Software Development,1st year,9,136,67.0,9,100.0,yes,49,8
559,2024,Male,Higher Certificate in Information Systems: Software Development,2nd year,9,140,72.0,9,100.0,yes,64,9
560,2024,Male,BSc in CompUter Science,1st year,7,96,34.0,0,0.0,no,1,1
561,2024,Male,Higher Certificate in Information Systems: Cloud Computing,1st year,12,144,54.0,5,41.7,no,24,5
562,2024,Female,Higher Certificate in Information Systems: Software Development,1st year,9,136,69.0,9,100.0,yes,61,9
563,2024,Female,Higher Certificate in Information Systems: Software Development,2nd year,9,140,66.0,9,100.0,yes,45,8
564,2024,Female,Higher Certificate in Information Systems: Cloud Computing,2nd year,8,120,62.0,6,75.0,no,31,6
565,2024,Female,Higher Certificate in Information Systems: Software Development,1st year,9,136,71.0,9,100.0,yes,80,9
566,2024,Male,Higher Certificate in Information Systems: Software Development,2nd year,9,140,66.0,9,100.0,yes,18,7
567,2024,Male,Higher Certificate in Information Systems: Software Development,1st year,9,136,52.0,5,55.6,no,29,6
568,2024,Male,BSc in CompUter Science,2nd year,7,120,70.0,7,100.0,yes,9,3
569,2024,Male,BSc IT: Robotics,2nd year,8,120,60.0,8,100.0,yes,20,4
570,2024,Female,Higher Certificate in Information Systems: Cloud Computing,2nd year,6,112,68.0,6,100.0,yes,25,3
571,2024,Male,Higher Certificate in Information Systems: Software Development,1st year,6,98,66.0,6,100.0,yes,25,7
572,2024,Female,Higher Certificate in Information Systems: Cloud Computing,2nd year,8,152,57.0,7,87.5,no,25,7
573,2024,Male,Higher Certificate in Information Systems: Software Development,1st year,9,136,71.0,9,100.0,yes,74,9
574,2024,Male,BSc IT: Data Science,2nd year,10,126,68.0,9,90.0,no,16,2
575,2024,Male,BSc in CompUter Science,1st year,12,144,45.0,2,16.7,no,5,3
576,2024,Male,Higher Certificate in Information Systems: Software Development,2nd year,9,140,64.0,8,88.9,no,57,10
577,2024,Female,BSc IT: Data Science,1st year,11,136,59.0,10,90.9,no,6,2
578,2024,Female,BSc IT: Robotics,1st year,8,144,62.0,8,100.0,yes,46,9
579,2024,Male,Higher Certificate in Information Systems: Cloud Computing,2nd year,9,168,55.0,6,66.7,no,11,5
580,2024,Female,BSc in CompUter Science,1st year,9,112,58.0,7,77.8,no,19,5
581,2024,Female,Higher Certificate in Information Systems: Software Development,1st year,9,136,69.0,9,100.0,yes,54,8
582,2024,Male,Higher Certificate in Information Systems: Cloud Computing,2nd year,8,120,64.0,8,100.0,yes,19,4
583,2024,Male,BSc IT: Data Science,2nd year,7,94,52.0,6,85.7,no,12,3
584,2024,Female,Higher Certificate in Information Systems: Software Development,1st year,9,136,72.0,9,100.0,yes,63,9
585,2024,Male,BSc in CompUter Science,1st year,12,144,81.0,12,100.0,yes,13,5
586,2024,Female,Higher Certificate in Information Systems: Software Development,2nd year,10,148,72.0,10,100.0,yes,53,10
587,2024,Female,Higher Certificate in Information Systems: Software Development,2nd year,8,120,78.0,2,25.0,no,36,8
588,2024,Female,Higher Certificate in Information Systems: Software Development,2nd year,10,150,6.0,0,0.0,no,26,5
589,2024,Male,BSc IT: Data Science,2nd year,10,128,58.0,8,80.0,no,6,2
590,2024,Male,Higher Certificate in Information Systems: Software Development,2nd year,11,158,59.0,8,72.7,no,49,10
591,2024,Male,BSc in CompUter Science,1st year,5,88,65.0,3,60.0,no,5,2
592,2024,Male,BSc IT: Data Science,1st year,11,136,65.0,10,90.9,no,17,5
593,2024,Male,Higher Certificate in Information Systems: Software Development,1st year,8,128,68.0,8,100.0,yes,27,7
594,2024,Male,BSc in CompUter Science,2nd year,7,120,73.0,7,100.0,yes,17,3
595,2024,Female,Higher Certificate in Information Systems: Cloud Computing,1st year,4,64,62.0,4,100.0,yes,6,2
596,2024,Female,BSc IT: Data Science,1st year,11,136,61.0,11,100.0,yes,8,3
597,2024,Female,BSc IT: Data Science,2nd year,10,126,60.0,9,90.0,no,4,2
598,2024,Female,BSc IT: Data Science,1st year,6,90,50.0,2,33.3,no,20,5
599,2024,Male,Higher Certificate in Information Systems: Software Development,2nd year,9,140,63.0,5,55.6,no,37,9
600,2024,Female,Higher Certificate in Information Systems: Software Development,2nd year,9,140,76.0,9,100.0,yes,31,7
601,2024,Female,Higher Certificate in Information Systems: Software Development,1st year,9,136,72.0,9,100.0,yes,85,9
602,2024,Male,BSc IT: Data Science,2nd year,10,126,76.0,10,100.0,yes,10,2
603,2024,Male,BSc in CompUter Science,1st year,12,144,64.0,12,100.0,yes,37,8
604,2024,Female,Higher Certificate in Information Systems: Software Development,2nd year,9,150,73.0,9,100.0,yes,15,6
605,2024,Male,Higher Certificate in Information Systems: Software Development,1st year,9,136,72.0,9,100.0,yes,71,8
606,2024,Male,BSc IT: Software Engineering,2nd year,9,120,61.0,9,100.0,yes,15,3
607,2024,Female,Higher Certificate in Information Systems: Cloud Computing,1st year,12,144,60.0,9,75.0,no,28,8
608,2024,Male,Higher Certificate in Information Systems: Software Development,1st year,8,116,53.0,6,75.0,no,5,2
609,2024,Female,Higher Certificate in Information Systems: Software Development,2nd year,9,140,59.0,9,100.0,yes,29,9
610,2024,Male,BSc IT: Data Science,2nd year,10,126,75.0,10,100.0,yes,9,1
611,2024,Female,Higher Certificate in Information Systems: Software Development,1st year,9,136,67.0,8,88.9,no,36,8
612,2024,Female,Higher Certificate in Information Systems: Software Development,1st year,9,136,59.0,7,77.8,no,33,6
613,2024,Female,Higher Certificate in Information Systems: Cloud Computing,1st year,7,128,62.0,7,100.0,yes,10,3
614,2024,Female,Higher Certificate in Information Systems: Cyber Security,1st year,10,120,62.0,9,90.0,no,0,0
615,2024,Male,BSc in CompUter Science,2nd year,7,120,55.0,7,100.0,yes,4,2
616,2024,Male,Higher Certificate in Information Systems: Software Development,1st year,9,136,64.0,9,100.0,yes,58,7
617,2024,Female,Higher Certificate in Information Systems: Software Development,1st year,9,136,73.0,9,100.0,yes,82,9
618,2024,Male,BSc in CompUter Science,1st year,12,144,59.0,9,75.0,no,21,5
619,2024,Female,Higher Certificate in Information Systems: Software Development,2nd year,10,150,72.0,10,100.0,yes,72,11
620,2024,Male,Higher Certificate in Information Systems: Software Development,2nd year,9,140,58.0,8,88.9,no,43,9
621,2024,Female,Higher Certificate in Information Systems: Software Development,1st year,8,126,4.0,0,0.0,no,2,1
622,2024,Male,Higher Certificate in Information Systems: Software Development,2nd year,9,140,73.0,9,100.0,yes,75,11
623,2024,Male,BSc IT: Data Science,1st year,8,102,66.0,7,87.5,no,39,5
624,2024,Female,Higher Certificate in Information Systems: Software Development,2nd year,9,140,73.0,9,100.0,yes,29,9
625,2024,Male,BSc IT: Data Science,2nd year,10,126,71.0,10,100.0,yes,14,2
626,2024,Female,Higher Certificate in Information Systems: Cloud Computing,1st year,12,144,55.0,10,83.3,no,22,7
627,2024,Male,Higher Certificate in Information Systems: Software Development,2nd year,9,140,70.0,9,100.0,yes,50,10
628,2024,Male,BSc IT: Data Science,1st year,8,106,50.0,4,50.0,no,4,4
629,2024,Female,Higher Certificate in Information Systems: Software Development,1st year,9,136,69.0,9,100.0,yes,55,7
630,2024,Male,BSc in CompUter Science,2nd year,7,120,44.0,1,14.3,no,23,4
631,2024,Female,Higher Certificate in Information Systems: Cloud Computing,1st year,7,128,64.0,7,100.0,yes,23,4
632,2024,Male,BSc in CompUter Science,2nd year,7,120,41.0,1,14.3,no,5,2
633,2024,Female,Higher Certificate in Information Systems: Cloud Computing,1st year,12,144,58.0,9,75.0,no,24,6
634,2024,Female,BSc IT: Data Science,2nd year,10,126,71.0,10,100.0,yes,11,2
635,2024,Male,BSc IT: Data Science,1st year,11,136,73.0,11,100.0,yes,38,6
636,2024,Male,Higher Certificate in Information Systems: Software Development,1st year,9,136,69.0,9,100.0,yes,29,6
637,2024,Male,Higher Certificate in Information Systems: Software Development,2nd year,11,180,64.0,11,100.0,yes,37,11
638,2024,Female,Higher Certificate in Information Systems: Software Development,1st year,9,136,70.0,9,100.0,yes,54,8
639,2024,Male,BSc in CompUter Science,2nd year,7,120,55.0,5,71.4,no,15,3
640,2024,Male,BSc IT: Data Science,1st year,11,136,72.0,11,100.0,yes,27,7
641,2024,Female,Higher Certificate in Information Systems: Software Development,1st year,9,136,71.0,9,100.0,yes,58,9
642,2024,Male,BSc IT: Data Science,2nd year,10,126,70.0,10,100.0,yes,11,2
643,2024,Female,Higher Certificate in Information Systems: Software Development,1st year,9,136,67.0,9,100.0,yes,80,9
644,2024,Female,Higher Certificate in Information Systems: Cloud Computing,1st year,12,144,67.0,11,91.7,no,51,8
645,2024,Male,Higher Certificate in Information Systems: Software Development,2nd year,10,148,70.0,10,100.0,yes,30,10
646,2024,Female,Higher Certificate in Information Systems: Software Development,2nd year,9,140,71.0,9,100.0,yes,30,8
647,2024,Male,Higher Certificate in Information Systems: Software Development,2nd year,9,140,76.0,9,100.0,yes,55,10
648,2024,Male,Higher Certificate in Information Systems: Software Development,2nd year,9,140,84.0,9,100.0,yes,52,10
649,2024,Male,BSc IT: Data Science,2nd year,10,126,66.0,10,100.0,yes,17,2
650,2024,Male,BSc IT: Data Science,1st year,11,136,63.0,10,90.9,no,9,4
651,2024,Female,BSc in CompUter Science,2nd year,7,120,51.0,4,57.1,no,10,4
652,2024,Female,Higher Certificate in Information Systems: Software Development,2nd year,10,148,69.0,10,100.0,yes,34,9
653,2024,Female,Higher Certificate in Information Systems: Software Development,2nd year,9,140,62.0,9,100.0,yes,56,10
654,2024,Male,Higher Certificate in Information Systems: Software Development,2nd year,8,130,65.0,6,75.0,no,26,6
655,2024,Female,Higher Certificate in Information Systems: Software Development,2nd year,9,140,56.0,8,88.9,no,44,10
656,2024,Male,Higher Certificate in Information Systems: Cloud Computing,2nd year,7,128,53.0,3,42.9,no,14,5
657,2024,Male,Higher Certificate in Information Systems: Software Development,2nd year,9,140,80.0,9,100.0,yes,30,8
658,2024,Male,BSc in CompUter Science,1st year,12,144,68.0,11,91.7,no,16,5
659,2024,Male,BSc IT: Data Science,1st year,6,84,53.0,3,50.0,no,2,1
660,2024,Female,BSc IT: Data Science,1st year,11,136,63.0,11,100.0,yes,21,6
661,2024,Male,Higher Certificate in Information Systems: Software Development,2nd year,9,138,47.0,4,44.4,no,37,8
662,2024,Female,Higher Certificate in Information Systems: Cloud Computing,1st year,12,144,57.0,10,83.3,no,36,8
663,2024,Female,BSc in CompUter Science,1st year,7,114,55.0,4,57.1,no,8,2
664,2024,Female,Higher Certificate in Information Systems: Software Development,2nd year,9,140,65.0,9,100.0,yes,52,10
665,2024,Male,Higher Certificate in Information Systems: Software Development,2nd year,8,138,70.0,8,100.0,yes,42,9
666,2024,Male,Higher Certificate in Information Systems: Software Development,2nd year,9,150,60.0,8,88.9,no,21,5
667,2024,Female,Higher Certificate in Information Systems: Software Development,1st year,9,136,70.0,9,100.0,yes,65,9
668,2024,Female,Higher Certificate in Information Systems: Software Development,1st year,9,136,70.0,9,100.0,yes,64,9
669,2024,Male,BSc in CompUter Science,1st year,12,144,55.0,7,58.3,no,15,5
670,2024,Male,Higher Certificate in Information Systems: Software Development,1st year,8,108,55.0,6,75.0,no,25,6
671,2024,Male,Higher Certificate in Information Systems: Software Development,2nd year,9,140,60.0,9,100.0,yes,54,10
672,2024,Male,BSc IT: Data Science,2nd year,8,112,56.0,6,75.0,no,8,2
673,2024,Male,BSc in CompUter Science,2nd year,9,128,61.0,8,88.9,no,10,2
674,2024,Female,Higher Certificate in Information Systems: Software Development,1st year,8,116,0.0,0,0.0,no,8,2
675,2024,Male,Higher Certificate in Information Systems: Software Development,2nd year,9,140,60.0,9,100.0,yes,44,9
676,2024,Female,Higher Certificate in Information Systems: Cloud Computing,2nd year,8,120,55.0,5,62.5,no,6,2
677,2024,Female,Higher Certificate in Information Systems: Cyber Security,1st year,10,120,64.0,10,100.0,yes,0,0
678,2024,Male,BSc in CompUter Science,2nd year,8,112,26.0,1,12.5,no,4,1
679,2024,Male,Higher Certificate in Information Systems: Software Development,2nd year,10,148,64.0,9,90.0,no,29,11
680,2024,Female,Higher Certificate in Information Systems: Software Development,1st year,5,100,58.0,4,80.0,no,18,5
681,2024,Female,Higher Certificate in Information Systems: Cloud Computing,2nd year,8,136,55.0,5,62.5,no,18,4
682,2024,Male,Higher Certificate in Information Systems: Software Development,2nd year,10,148,70.0,10,100.0,yes,25,9
683,2024,Male,BSc IT: Data Science,1st year,11,136,68.0,10,90.9,no,51,6
684,2024,Male,BSc in CompUter Science,1st year,10,120,56.0,9,90.0,no,10,4
685,2024,Female,Higher Certificate in Information Systems: Cyber Security,1st year,10,120,76.0,10,100.0,yes,0,0
686,2024,Male,Higher Certificate in Information Systems: Software Development,2nd year,9,140,67.0,9,100.0,yes,32,9
687,2024,Male,BSc in CompUter Science,1st year,5,76,57.0,4,80.0,no,4,1
688,2024,Female,Higher Certificate in Information Systems: Software Development,2nd year,9,140,80.0,9,100.0,yes,65,10
689,2024,Female,BSc in CompUter Science,1st year,12,144,58.0,10,83.3,no,10,5
690,2024,Male,Higher Certificate in Information Systems: Cloud Computing,1st year,12,144,50.0,7,58.3,no,10,4
691,2024,Female,Higher Certificate in Information Systems: Software Development,2nd year,10,148,64.0,10,100.0,yes,58,10
692,2024,Male,Higher Certificate in Information Systems: Software Development,2nd year,9,140,74.0,9,100.0,yes,29,8
693,2024,Male,Higher Certificate in Information Systems: Cyber Security,1st year,10,120,72.0,10,100.0,yes,0,0
694,2024,Female,Higher Certificate in Information Systems: Software Development,1st year,9,136,68.0,9,100.0,yes,45,6
695,2024,Male,Higher Certificate in Information Systems: Software Development,2nd year,11,156,49.0,8,72.7,no,24,9
696,2024,Male,Higher Certificate in Information Systems: Software Development,1st year,9,136,67.0,9,100.0,yes,61,7
697,2024,Female,Higher Certificate in Information Systems: Software Development,2nd year,9,140,71.0,9,100.0,yes,54,10
698,2024,Male,BSc in CompUter Science,2nd year,7,120,46.0,2,28.6,no,16,3
699,2024,Female,Higher Certificate in Information Systems: Software Development,1st year,9,136,61.0,8,88.9,no,38,9
700,2024,Female,Higher Certificate in Information Systems: Software Development,2nd year,3,50,53.0,2,66.7,no,25,7
701,2024,Female,BSc IT: Data Science,2nd year,9,112,51.0,6,66.7,no,2,1
702,2024,Male,Higher Certificate in Information Systems: Software Development,1st year,9,136,70.0,9,100.0,yes,46,8
703,2024,Male,Higher Certificate in Information Systems: Cyber Security,1st year,10,120,67.0,10,100.0,yes,0,0
704,2024,Male,Higher Certificate in Information Systems: Software Development,2nd year,7,100,54.0,6,85.7,no,30,8
705,2024,Male,Higher Certificate in Information Systems: Software Development,1st year,9,136,63.0,8,88.9,no,34,6
706,2024,Female,Higher Certificate in Information Systems: Software Development,1st year,9,136,77.0,9,100.0,yes,83,9
707,2024,Female,Higher Certificate in Information Systems: Software Development,2nd year,11,168,61.0,11,100.0,yes,25,6
708,2024,Male,BSc IT: Data Science,2nd year,11,134,64.0,10,90.9,no,5,1
709,2024,Female,Higher Certificate in Information Systems: Software Development,2nd year,9,140,71.0,9,100.0,yes,60,11
710,2024,Female,Higher Certificate in Information Systems: Software Development,2nd year,10,158,41.0,5,50.0,no,37,8
711,2024,Male,Higher Certificate in Information Systems: Software Development,1st year,9,136,52.0,5,55.6,no,24,5
712,2024,Female,Higher Certificate in Information Systems: Software Development,2nd year,9,150,58.0,7,77.8,no,24,9
713,2024,Male,BSc in CompUter Science,1st year,12,144,66.0,11,91.7,no,17,5
714,2024,Male,BSc IT: Robotics,2nd year,7,112,51.0,3,42.9,no,11,3
715,2024,Male,BSc in CompUter Science,1st year,12,144,58.0,10,83.3,no,20,5
716,2024,Female,Higher Certificate in Information Systems: Software Development,2nd year,9,140,65.0,9,100.0,yes,54,10
717,2024,Female,Higher Certificate in Information Systems: Cloud Computing,2nd year,6,112,56.0,5,83.3,no,4,2
718,2024,Female,Higher Certificate in Information Systems: Software Development,1st year,9,136,65.0,9,100.0,yes,78,9
719,2024,Female,Higher Certificate in Information Systems: Software Development,1st year,8,128,77.0,8,100.0,yes,53,8
720,2024,Female,BSc IT: Data Science,1st year,11,136,69.0,11,100.0,yes,18,6
721,2024,Female,Higher Certificate in Information Systems: Software Development,1st year,9,136,76.0,9,100.0,yes,48,9
722,2024,Female,BSc in CompUter Science,1st year,8,136,45.0,2,25.0,no,29,4
723,2024,Female,Higher Certificate in Information Systems: Cloud Computing,1st year,12,144,59.0,10,83.3,no,21,6
724,2024,Female,Higher Certificate in Information Systems: Cyber Security,1st year,10,120,67.0,10,100.0,yes,0,0
725,2024,Female,BSc in CompUter Science,2nd year,8,128,51.0,4,50.0,no,13,2
726,2024,Female,Higher Certificate in Information Systems: Software Development,1st year,9,136,18.0,0,0.0,no,15,5
727,2024,Male,Higher Certificate in Information Systems: Software Development,2nd year,9,148,60.0,9,100.0,yes,38,8
728,2024,Male,Higher Certificate in Information Systems: Software Development,2nd year,9,140,77.0,9,100.0,yes,69,11
729,2024,Female,Higher Certificate in Information Systems: Software Development,1st year,9,136,33.0,1,11.1,no,2,2
730,2024,Female,BSc IT: Security and Network Engineering,1st year,12,144,49.0,7,58.3,no,9,4
731,2024,Male,Higher Certificate in Information Systems: Software Development,2nd year,9,138,30.0,1,11.1,no,12,5
732,2024,Male,Higher Certificate in Information Systems: Software Development,2nd year,10,136,25.0,0,0.0,no,31,8
733,2024,Female,BSc IT: Software Engineering,2nd year,10,136,62.0,9,90.0,no,28,5
734,2024,Female,Higher Certificate in Information Systems: Cloud Computing,1st year,12,144,63.0,12,100.0,yes,30,7
735,2024,Female,BSc IT: Data Science,2nd year,8,94,56.0,6,75.0,no,13,4
736,2024,Male,Higher Certificate in Information Systems: Software Development,2nd year,10,150,64.0,10,100.0,yes,44,10
737,2024,Female,BSc IT: Data Science,1st year,11,136,67.0,10,90.9,no,31,6
738,2024,Male,BSc in CompUter Science,2nd year,4,70,63.0,4,100.0,yes,0,0
739,2024,Male,Higher Certificate in Information Systems: Software Development,1st year,9,136,53.0,7,77.8,no,42,7
740,2024,Male,Higher Certificate in Information Systems: Cloud Computing,2nd year,8,120,51.0,4,50.0,no,16,3
741,2024,Female,Higher Certificate in Information Systems: Software Development,1st year,9,136,64.0,9,100.0,yes,56,9
742,2024,Female,Higher Certificate in Information Systems: Software Development,1st year,9,136,73.0,9,100.0,yes,61,8
743,2024,Female,Higher Certificate in Information Systems: Software Development,2nd year,9,128,65.0,9,100.0,yes,31,9
744,2024,Female,BSC IT: ROBOTICS,1st year,14,144,66.0,14,100.0,yes,71,8
745,2024,Female,Higher Certificate in Information Systems: Cloud Computing,2nd year,6,112,69.0,6,100.0,yes,21,5
746,2024,Female,Higher Certificate in Information Systems: Software Development,1st year,6,88,63.0,6,100.0,yes,21,5
747,2024,Male,Higher Certificate in Information Systems: Software Development,1st year,9,136,47.0,5,55.6,no,34,5
748,2024,Female,Higher Certificate in Information Systems: Cyber Security,1st year,10,120,69.0,10,100.0,yes,0,0
749,2024,Male,Higher Certificate in Information Systems: Cloud Computing,2nd year,6,112,58.0,6,100.0,yes,16,4
750,2024,Female,Higher Certificate in Information Systems: Software Development,1st year,9,136,63.0,9,100.0,yes,37,8
751,2024,Male,Higher Certificate in Information Systems: Software Development,2nd year,10,148,80.0,10,100.0,yes,56,10
752,2024,Female,Higher Certificate in Information Systems: Cloud Computing,2nd year,6,112,56.0,5,83.3,no,32,6
753,2024,Female,Higher Certificate in Information Systems: Software Development,1st year,9,136,59.0,9,100.0,yes,20,5
754,2024,Female,Higher Certificate in Information Systems: Software Development,2nd year,11,156,57.0,9,81.8,no,43,9
755,2024,Male,Higher Certificate in Information Systems: Software Development,1st year,9,136,69.0,9,100.0,yes,39,8
756,2024,Female,Higher Certificate in Information Systems: Software Development,1st year,9,136,66.0,9,100.0,yes,29,7
757,2024,Female,Higher Certificate in Information Systems: Software Development,2nd year,10,148,53.0,7,70.0,no,9,5
758,2024,Male,BSc in CompUter Science,1st year,4,64,,0,0.0,no,4,2
759,2024,Male,BSc in CompUter Science,2nd year,7,120,50.0,4,57.1,no,10,3
760,2024,Male,Higher Certificate in Information Systems: Software Development,2nd year,11,166,2.0,0,0.0,no,30,8
761,2024,Female,Higher Certificate in Information Systems: Software Development,2nd year,8,140,54.0,6,75.0,no,15,5
762,2024,Male,Higher Certificate in Information Systems: Cloud Computing,2nd year,8,120,63.0,8,100.0,yes,22,4
763,2024,Male,Higher Certificate in Information Systems: Software Development,2nd year,11,156,60.0,7,63.6,no,24,8
764,2024,Female,Higher Certificate in Information Systems: Software Development,1st year,9,136,64.0,9,100.0,yes,47,7
765,2024,Female,Higher Certificate in Information Systems: Software Development,2nd year,9,140,73.0,9,100.0,yes,48,9
766,2024,Female,Higher Certificate in Information Systems: Cyber Security,1st year,10,120,52.0,7,70.0,no,0,0
767,2024,Female,BSc IT: Software Engineering,1st year,14,144,56.0,9,64.3,no,13,6
768,2024,Female,Higher Certificate in Information Systems: Cloud Computing,2nd year,6,120,66.0,6,100.0,yes,30,6
769,2024,Male,Higher Certificate in Information Systems: Software Development,2nd year,9,140,76.0,9,100.0,yes,63,11
770,2024,Male,Higher Certificate in Information Systems: Software Development,1st year,9,136,4.0,0,0.0,no,6,3
771,2024,Male,Higher Certificate in Information Systems: Software Development,2nd year,10,148,58.0,7,70.0,no,43,9
772,2024,Male,Higher Certificate in Information Systems: Software Development,1st year,8,128,68.0,8,100.0,yes,33,6
773,2024,Male,BSc in CompUter Science,1st year,7,96,51.0,5,71.4,no,2,2
774,2024,Male,Higher Certificate in Information Systems: Software Development,1st year,9,136,69.0,9,100.0,yes,45,9
775,2024,Male,Higher Certificate in Information Systems: Software Development,1st year,7,106,10.0,0,0.0,no,6,4
776,2024,Female,Higher Certificate in Information Systems: Software Development,2nd year,9,140,65.0,9,100.0,yes,49,11
777,2024,Female,Higher Certificate in Information Systems: Software Development,2nd year,9,140,83.0,9,100.0,yes,91,10
778,2024,Male,Higher Certificate in Information Systems: Software Development,2nd year,10,148,64.0,10,100.0,yes,30,8
779,2024,Female,BSc in CompUter Science,2nd year,7,120,55.0,6,85.7,no,12,3
780,2024,Female,Higher Certificate in Information Systems: Software Development,1st year,6,76,54.0,4,66.7,no,10,3
781,2024,Female,Higher Certificate in Information Systems: Software Development,1st year,9,136,72.0,9,100.0,yes,58,8
782,2024,Male,Higher Certificate in Information Systems: Software Development,2nd year,10,148,69.0,10,100.0,yes,60,10
783,2024,Male,Higher Certificate in Information Systems: Cloud Computing,2nd year,7,128,65.0,7,100.0,yes,27,5
784,2024,Male,BSc in CompUter Science,2nd year,9,128,55.0,6,66.7,no,9,2
785,2024,Male,BSc in CompUter Science,2nd year,7,120,56.0,7,100.0,yes,15,3
786,2024,Female,Higher Certificate in Information Systems: Software Development,2nd year,10,148,67.0,10,100.0,yes,52,10
787,2024,Male,Higher Certificate in Information Systems: Software Development,1st year,9,136,0.0,0,0.0,no,11,2
788,2024,Female,Higher Certificate in Information Systems: Software Development,2nd year,11,180,56.0,10,90.9,no,43,11
789,2024,Female,BSc IT: Robotics,2nd year,5,96,70.0,5,100.0,yes,19,3
790,2024,Male,BSc IT: Data Science,2nd year,10,126,62.0,10,100.0,yes,25,2
791,2024,Female,BSc IT: Data Science,2nd year,10,124,65.0,9,90.0,no,18,4
792,2024,Female,BSc IT: Software Engineering,2nd year,10,120,51.0,6,60.0,no,26,2
793,2024,Female,Higher Certificate in Information Systems: Cyber Security,1st year,10,120,75.0,10,100.0,yes,0,0
794,2024,Female,Higher Certificate in Information Systems: Cloud Computing,2nd year,7,136,62.0,7,100.0,yes,16,5
795,2024,Male,Higher Certificate in Information Systems: Software Development,2nd year,9,140,66.0,9,100.0,yes,60,10
796,2024,Female,Higher Certificate in Information Systems: Software Development,2nd year,9,140,66.0,9,100.0,yes,37,9
797,2024,Male,Higher Certificate in Information Systems: Cloud Computing,1st year,12,144,56.0,9,75.0,no,11,3
798,2024,Female,BSc IT: Data Science,2nd year,10,126,61.0,8,80.0,no,18,2
799,2024,Male,Higher Certificate in Information Systems: Cyber Security,1st year,10,120,64.0,10,100.0,yes,0,0
800,2024,Male,Higher Certificate in Information Systems: Software Development,2nd year,10,148,78.0,10,100.0,yes,50,10
801,2024,Female,Higher Certificate in Information Systems: Software Development,1st year,9,136,66.0,9,100.0,yes,53,9
802,2024,Male,Higher Certificate in Information Systems: Cloud Computing,2nd year,8,120,63.0,8,100.0,yes,36,6
803,2024,Female,BSc IT: Robotics,2nd year,7,112,68.0,7,100.0,yes,30,5
804,2024,Male,BSc in CompUter Science,2nd year,7,120,46.0,4,57.1,no,11,3
805,2024,Male,BSc in CompUter Science,2nd year,7,120,56.0,5,71.4,no,8,2
806,2024,Female,Higher Certificate in Information Systems: Cloud Computing,2nd year,8,120,64.0,8,100.0,yes,18,4
807,2024,Male,Higher Certificate in Information Systems: Software Development,1st year,5,66,49.0,2,40.0,no,4,3
808,2024,Female,Higher Certificate in Information Systems: Software Development,1st year,9,136,65.0,9,100.0,yes,55,9
809,2024,Female,Higher Certificate in Information Systems: Cyber Security,1st year,10,120,61.0,10,100.0,yes,0,0
810,2024,Male,Higher Certificate in Information Systems: Software Development,2nd year,10,150,70.0,10,100.0,yes,42,9
811,2024,Female,BSc in CompUter Science,2nd year,7,120,50.0,5,71.4,no,13,2
812,2024,Male,Higher Certificate in Information Systems: Software Development,2nd year,9,140,68.0,8,88.9,no,41,10
813,2024,Female,Higher Certificate in Information Systems: Software Development,2nd year,9,140,61.0,9,100.0,yes,49,10
814,2024,Male,Higher Certificate in Information Systems: Software Development,1st year,6,76,62.0,6,100.0,yes,6,3
815,2024,Female,BSc in CompUter Science,2nd year,7,112,56.0,6,85.7,no,6,2
816,2024,Female,Higher Certificate in Information Systems: Software Development,2nd year,9,140,69.0,9,100.0,yes,50,10
817,2024,Female,BSc IT: Data Science,1st year,9,114,57.0,3,33.3,no,11,4
818,2024,Male,BSc in CompUter Science,2nd year,8,128,44.0,2,25.0,no,2,1
819,2024,Male,BSc in CompUter Science,1st year,12,144,61.0,9,75.0,no,11,5
820,2024,Female,Higher Certificate in Information Systems: Software Development,2nd year,10,148,65.0,10,100.0,yes,37,8
821,2024,Male,BSc IT: Data Science,2nd year,7,96,59.0,6,85.7,no,4,1
822,2024,Male,BSc IT: Data Science,2nd year,10,126,75.0,10,100.0,yes,33,2
823,2024,Female,BSc IT: Software Engineering,2nd year,9,120,62.0,9,100.0,yes,26,4
824,2024,Female,Higher Certificate in Information Systems: Cyber Security,1st year,10,120,66.0,10,100.0,yes,0,0
825,2024,Female,Higher Certificate in Information Systems: Software Development,1st year,9,136,70.0,9,100.0,yes,56,9
826,2024,Male,Higher Certificate in Information Systems: Software Development,1st year,9,136,75.0,9,100.0,yes,46,9
827,2024,Male,Higher Certificate in Information Systems: Software Development,1st year,9,136,69.0,8,88.9,no,32,7
828,2024,Male,Higher Certificate in Information Systems: Software Development,1st year,9,136,70.0,9,100.0,yes,44,8
829,2024,Female,Higher Certificate in Information Systems: Software Development,1st year,9,136,72.0,9,100.0,yes,76,9
830,2024,Female,Higher Certificate in Information Systems: Software Development,2nd year,11,158,57.0,11,100.0,yes,21,8
831,2024,Female,BSC IT: ROBOTICS,1st year,14,144,62.0,13,92.9,no,68,7
832,2024,Male,Higher Certificate in Information Systems: Software Development,1st year,9,136,68.0,9,100.0,yes,53,8
833,2024,Male,BSc IT: Data Science,2nd year,7,96,60.0,6,85.7,no,17,1
834,2024,Male,BSc IT: Data Science,2nd year,12,142,51.0,9,75.0,no,10,2
835,2024,Female,BSc in CompUter Science,2nd year,7,120,69.0,7,100.0,yes,19,4
836,2024,Male,BSc in CompUter Science,1st year,12,144,60.0,11,91.7,no,36,10
837,2024,Male,Higher Certificate in Information Systems: Software Development,1st year,9,136,68.0,9,100.0,yes,63,8
838,2024,Female,Higher Certificate in Information Systems: Software Development,2nd year,10,158,60.0,8,80.0,no,29,7
839,2024,Female,Higher Certificate in Information Systems: Cloud Computing,1st year,12,144,71.0,12,100.0,yes,40,6
840,2024,Male,BSc IT: Data Science,1st year,11,136,82.0,11,100.0,yes,24,5
841,2024,Female,Higher Certificate in Information Systems: Cloud Computing,1st year,12,144,68.0,11,91.7,no,35,7
842,2024,Male,Higher Certificate in Information Systems: Software Development,1st year,9,136,64.0,9,100.0,yes,64,9
843,2024,Male,Higher Certificate in Information Systems: Software Development,1st year,9,136,76.0,9,100.0,yes,65,8
844,2024,Female,Higher Certificate in Information Systems: Cyber Security,1st year,10,120,66.0,10,100.0,yes,0,0
845,2024,Female,Higher Certificate in Information Systems: Cyber Security,1st year,10,120,70.0,10,100.0,yes,0,0
846,2024,Male,Higher Certificate in Information Systems: Software Development,1st year,9,136,62.0,9,100.0,yes,56,9
847,2024,Female,BSc in CompUter Science,1st year,12,144,74.0,12,100.0,yes,30,6
848,2024,Male,BSc in CompUter Science,1st year,12,144,72.0,12,100.0,yes,23,5
849,2024,Female,Higher Certificate in Information Systems: Software Development,1st year,9,136,71.0,9,100.0,yes,52,8
850,2024,Female,Higher Certificate in Information Systems: Cloud Computing,1st year,12,144,58.0,10,83.3,no,19,7
851,2024,Female,Higher Certificate in Information Systems: Cyber Security,1st year,10,120,66.0,10,100.0,yes,0,0
852,2024,Male,Higher Certificate in Information Systems: Software Development,1st year,9,136,77.0,9,100.0,yes,71,9
853,2024,Male,Higher Certificate in Information Systems: Software Development,1st year,9,136,70.0,9,100.0,yes,53,9
854,2024,Male,BSc in CompUter Science,1st year,12,144,73.0,12,100.0,yes,22,5
855,2024,Male,Higher Certificate in Information Systems: Software Development,1st year,9,136,65.0,8,88.9,no,43,8
856,2024,Female,Higher Certificate in Information Systems: Software Development,1st year,9,136,58.0,8,88.9,no,59,9
857,2024,Male,Higher Certificate in Information Systems: Software Development,1st year,9,136,63.0,9,100.0,yes,28,6
858,2024,Male,BSc IT: Data Science,1st year,11,136,83.0,11,100.0,yes,6,2
859,2024,Male,BSc IT: Software Engineering,1st year,15,144,65.0,13,86.7,no,50,6
860,2024,Male,Higher Certificate in Information Systems: Software Development,1st year,9,136,63.0,8,88.9,no,55,8
861,2024,Male,Higher Certificate in Information Systems: Software Development,1st year,9,136,69.0,9,100.0,yes,33,8
862,2024,Female,Higher Certificate in Information Systems: Cyber Security,1st year,10,120,76.0,10,100.0,yes,0,0
863,2024,Female,BSc in CompUter Science,1st year,11,136,3.0,0,0.0,no,0,0
864,2024,Male,Higher Certificate in Information Systems: Software Development,1st year,9,136,67.0,9,100.0,yes,38,8
865,2024,Male,Higher Certificate in Information Systems: Software Development,1st year,9,136,61.0,8,88.9,no,50,9
866,2024,Female,Higher Certificate in Information Systems: Software Development,1st year,9,136,76.0,9,100.0,yes,77,9
867,2024,Male,BSc IT: Software Engineering,1st year,14,144,58.0,13,92.9,no,18,6
868,2024,Male,Higher Certificate in Information Systems: Software Development,1st year,9,136,70.0,9,100.0,yes,72,9
869,2024,Male,Higher Certificate in Information Systems: Software Development,1st year,9,136,78.0,9,100.0,yes,69,9
870,2024,Male,Higher Certificate in Information Systems: Software Development,1st year,9,136,67.0,9,100.0,yes,74,9
871,2024,Male,Higher Certificate in Information Systems: Cyber Security,1st year,10,120,72.0,10,100.0,yes,0,0
872,2024,Female,Higher Certificate in Information Systems: Software Development,1st year,9,136,68.0,8,88.9,no,72,9
873,2024,Male,Higher Certificate in Information Systems: Software Development,1st year,9,136,71.0,9,100.0,yes,68,8
874,2024,Male,Higher Certificate in Information Systems: Cloud Computing,1st year,12,144,62.0,9,75.0,no,33,8
875,2024,Female,BSc IT: Data Science,1st year,11,136,57.0,8,72.7,no,10,3
876,2024,Male,Higher Certificate in Information Systems: Software Development,1st year,9,136,62.0,9,100.0,yes,69,9
877,2024,Male,Higher Certificate in Information Systems: Software Development,1st year,9,136,65.0,9,100.0,yes,46,8
878,2024,Male,Higher Certificate in Information Systems: Software Development,1st year,9,136,68.0,9,100.0,yes,45,6
879,2024,Female,Higher Certificate in Information Systems: Software Development,1st year,9,136,66.0,9,100.0,yes,54,7
880,2024,Male,Higher Certificate in Information Systems: Software Development,1st year,9,136,69.0,9,100.0,yes,57,8
881,2024,Male,BSc IT: Data Science,1st year,11,136,83.0,11,100.0,yes,21,5
882,2024,Female,Higher Certificate in Information Systems: Cyber Security,1st year,10,120,63.0,9,90.0,no,0,0
883,2024,Male,Higher Certificate in Information Systems: Software Development,1st year,9,136,56.0,7,77.8,no,56,8
884,2024,Female,Higher Certificate in Information Systems: Cloud Computing,1st year,12,144,69.0,12,100.0,yes,62,7
885,2024,Female,Higher Certificate in Information Systems: Software Development,1st year,9,136,65.0,9,100.0,yes,61,9
886,2024,Female,Higher Certificate in Information Systems: Software Development,1st year,9,136,70.0,9,100.0,yes,44,7
887,2024,Female,BSc IT: Data Science,1st year,11,136,79.0,11,100.0,yes,56,7
888,2024,Female,Higher Certificate in Information Systems: Cloud Computing,1st year,12,144,63.0,9,75.0,no,14,6
889,2024,Female,BSc in CompUter Science,1st year,12,144,56.0,8,66.7,no,21,6
890,2024,Female,Higher Certificate in Information Systems: Software Development,1st year,9,136,65.0,9,100.0,yes,48,9
891,2024,Male,Higher Certificate in Information Systems: Software Development,1st year,9,136,70.0,9,100.0,yes,66,7
892,2024,Female,Higher Certificate in Information Systems: Software Development,1st year,9,136,66.0,9,100.0,yes,74,9
893,2024,Female,Higher Certificate in Information Systems: Software Development,1st year,9,136,65.0,9,100.0,yes,74,8
894,2024,Female,Higher Certificate in Information Systems: Software Development,1st year,9,136,71.0,9,100.0,yes,78,9
895,2024,Male,BSc IT: Software Engineering,1st year,12,112,0.0,0,0.0,no,0,0
896,2024,Female,Higher Certificate in Information Systems: Cloud Computing,1st year,12,144,70.0,12,100.0,yes,62,8
897,2024,Male,Higher Certificate in Information Systems: Software Development,1st year,9,136,73.0,9,100.0,yes,91,9
898,2024,Male,BSc in CompUter Science,1st year,12,144,63.0,10,83.3,no,17,4
899,2024,Female,Higher Certificate in Information Systems: Cyber Security,1st year,10,120,65.0,9,90.0,no,0,0
900,2024,Female,Higher Certificate in Information Systems: Cyber Security,1st year,10,120,69.0,10,100.0,yes,0,0
901,2024,Female,Higher Certificate in Information Systems: Software Development,1st year,9,136,67.0,9,100.0,yes,77,9
902,2024,Male,Higher Certificate in Information Systems: Software Development,1st year,9,136,71.0,9,100.0,yes,44,7
903,2024,Female,Higher Certificate in Information Systems: Software Development,1st year,9,136,0.0,0,0.0,no,12,3
904,2024,Female,Higher Certificate in Information Systems: Software Development,1st year,9,136,74.0,9,100.0,yes,77,9
905,2024,Female,Higher Certificate in Information Systems: Cyber Security,1st year,10,120,65.0,9,90.0,no,0,0
906,2024,Male,Higher Certificate in Information Systems: Software Development,1st year,9,136,77.0,9,100.0,yes,67,9
907,2024,Male,Higher Certificate in Information Systems: Cloud Computing,1st year,12,144,55.0,6,50.0,no,5,4
908,2024,Female,BSc IT: Security and Network Engineering,1st year,12,144,63.0,9,75.0,no,15,5
909,2024,Female,Higher Certificate in Information Systems: Software Development,1st year,9,136,70.0,9,100.0,yes,77,9
910,2024,Female,BSc IT: Security and Network Engineering,1st year,12,144,60.0,10,83.3,no,14,5
911,2024,Male,BSc IT: Data Science,1st year,11,136,74.0,11,100.0,yes,28,6
912,2024,Female,Higher Certificate in Information Systems: Software Development,1st year,9,136,71.0,9,100.0,yes,52,8
913,2024,Male,Higher Certificate in Information Systems: Software Development,1st year,9,136,62.0,9,100.0,yes,43,9
914,2024,Female,BSc in CompUter Science,1st year,12,144,59.0,10,83.3,no,34,6
915,2024,Male,Higher Certificate in Information Systems: Software Development,1st year,9,136,71.0,9,100.0,yes,28,7
916,2024,Male,BSc in CompUter Science,1st year,12,144,55.0,7,58.3,no,21,5
917,2024,Female,Higher Certificate in Information Systems: Software Development,1st year,9,136,73.0,9,100.0,yes,71,9
918,2024,Male,Higher Certificate in Information Systems: Software Development,1st year,9,136,64.0,9,100.0,yes,83,9
919,2024,Male,BSc in CompUter Science,1st year,12,144,78.0,12,100.0,yes,18,5
920,2024,Male,Higher Certificate in Information Systems: Software Development,1st year,9,136,67.0,9,100.0,yes,28,6
921,2024,Female,Higher Certificate in Information Systems: Software Development,1st year,9,136,69.0,9,100.0,yes,43,8
922,2024,Female,Higher Certificate in Information Systems: Software Development,1st year,9,136,68.0,9,100.0,yes,52,8
923,2024,Male,BSc in CompUter Science,1st year,12,144,55.0,7,58.3,no,30,6
924,2024,Female,Higher Certificate in Information Systems: Software Development,1st year,9,136,58.0,8,88.9,no,64,9
925,2024,Male,Higher Certificate in Information Systems: Software Development,1st year,9,136,84.0,9,100.0,yes,86,9
926,2024,Female,BSc in CompUter Science,1st year,12,144,50.0,5,41.7,no,23,6
927,2024,Female,Higher Certificate in Information Systems: Software Development,1st year,2,30,0.0,0,0.0,no,0,0
928,2024,Male,BSc in CompUter Science,1st year,12,144,63.0,12,100.0,yes,31,6
929,2024,Female,Higher Certificate in Information Systems: Software Development,1st year,9,136,67.0,9,100.0,yes,34,6
930,2024,Male,Higher Certificate in Information Systems: Cyber Security,1st year,10,120,67.0,9,90.0,no,0,0
931,2024,Female,Higher Certificate in Information Systems: Software Development,1st year,9,136,59.0,8,88.9,no,47,8
932,2024,Male,BSc IT: Data Science,1st year,11,136,49.0,5,45.5,no,17,5
933,2024,Female,BSc in CompUter Science,1st year,12,144,58.0,5,41.7,no,15,3
934,2024,Male,BSc in CompUter Science,1st year,12,144,68.0,12,100.0,yes,16,6
935,2024,Male,Higher Certificate in Information Systems: Cloud Computing,1st year,12,144,45.0,2,16.7,no,0,0
936,2024,Female,Higher Certificate in Information Systems: Software Development,1st year,9,136,67.0,9,100.0,yes,66,9
937,2024,Female,Higher Certificate in Information Systems: Software Development,1st year,9,136,66.0,8,88.9,no,42,7
938,2024,Female,Higher Certificate in Information Systems: Cyber Security,1st year,10,120,69.0,10,100.0,yes,0,0
939,2024,Male,Higher Certificate in Information Systems: Software Development,1st year,9,136,71.0,9,100.0,yes,60,9
940,2024,Female,Higher Certificate in Information Systems: Software Development,1st year,9,136,68.0,9,100.0,yes,63,9
941,2024,Female,BSc in CompUter Science,1st year,12,144,70.0,12,100.0,yes,27,6
942,2024,Female,Higher Certificate in Information Systems: Cyber Security,1st year,10,120,54.0,7,70.0,no,0,0
943,2024,Female,Higher Certificate in Information Systems: Software Development,1st year,9,136,65.0,8,88.9,no,62,9
944,2024,Male,Higher Certificate in Information Systems: Software Development,1st year,9,136,56.0,7,77.8,no,52,8
945,2024,Female,Higher Certificate in Information Systems: Software Development,1st year,9,136,58.0,8,88.9,no,80,9
946,2024,Male,BSc in CompUter Science,1st year,12,144,65.0,12,100.0,yes,22,6
947,2024,Male,Higher Certificate in Information Systems: Software Development,1st year,9,136,62.0,9,100.0,yes,36,9
948,2024,Female,BSc in CompUter Science,1st year,12,144,63.0,11,91.7,no,35,6
949,2024,Male,Higher Certificate in Information Systems: Software Development,1st year,9,136,67.0,9,100.0,yes,72,9
950,2024,Female,BSc IT: Data Science,1st year,11,136,63.0,10,90.9,no,9,4
951,2024,Male,Higher Certificate in Information Systems: Software Development,1st year,9,136,76.0,9,100.0,yes,88,9
952,2024,Female,Higher Certificate in Information Systems: Software Development,1st year,9,136,64.0,9,100.0,yes,65,8
953,2024,Female,BSc in CompUter Science,1st year,12,144,68.0,12,100.0,yes,23,6
954,2024,Female,BSc IT: Software Engineering,1st year,16,144,59.0,14,87.5,no,70,10
955,2024,Male,Higher Certificate in Information Systems: Software Development,1st year,9,136,61.0,9,100.0,yes,35,8
956,2024,Female,Higher Certificate in Information Systems: Software Development,1st year,9,136,67.0,9,100.0,yes,40,8
957,2024,Female,BSc in CompUter Science,1st year,12,144,73.0,12,100.0,yes,42,6
958,2024,Male,Higher Certificate in Information Systems: Software Development,1st year,9,136,66.0,9,100.0,yes,63,9
959,2024,Female,Higher Certificate in Information Systems: Cloud Computing,1st year,12,144,69.0,12,100.0,yes,19,5
960,2024,Female,Higher Certificate in Information Systems: Cyber Security,1st year,10,120,61.0,9,90.0,no,0,0
961,2024,Male,BSc in CompUter Science,1st year,12,144,64.0,12,100.0,yes,31,6
962,2024,Male,Higher Certificate in Information Systems: Software Development,1st year,9,136,70.0,9,100.0,yes,68,9
963,2024,Female,Higher Certificate in Information Systems: Software Development,1st year,9,136,64.0,9,100.0,yes,70,8
964,2024,Male,BSc IT: Data Science,1st year,11,136,62.0,10,90.9,no,1,1
965,2024,Female,Higher Certificate in Information Systems: Cyber Security,1st year,10,120,72.0,10,100.0,yes,0,0
966,2024,Male,Higher Certificate in Information Systems: Software Development,1st year,9,136,63.0,9,100.0,yes,69,9
967,2024,Female,Higher Certificate in Information Systems: Software Development,1st year,9,136,62.0,8,88.9,no,55,8
968,2024,Female,Higher Certificate in Information Systems: Software Development,1st year,9,136,65.0,9,100.0,yes,66,9
969,2024,Male,Higher Certificate in Information Systems: Software Development,1st year,9,136,67.0,9,100.0,yes,55,8
970,2024,Male,Higher Certificate in Information Systems: Software Development,1st year,9,136,66.0,8,88.9,no,46,7
971,2024,Female,BSc IT: Data Science,1st year,11,136,61.0,8,72.7,no,18,6
972,2024,Male,Higher Certificate in Information Systems: Software Development,1st year,9,136,70.0,9,100.0,yes,20,5
973,2024,Female,Higher Certificate in Information Systems: Cyber Security,1st year,10,120,65.0,10,100.0,yes,0,0
974,2024,Female,BSc in CompUter Science,1st year,12,144,61.0,12,100.0,yes,40,6
975,2024,Female,BSc IT: Security and Network Engineering,1st year,11,136,54.0,5,45.5,no,13,4
976,2024,Female,Higher Certificate in Information Systems: Cloud Computing,1st year,12,144,51.0,7,58.3,no,26,7
977,2024,Male,Higher Certificate in Information Systems: Software Development,1st year,9,136,64.0,8,88.9,no,79,9
978,2024,Male,Higher Certificate in Information Systems: Cyber Security,1st year,10,120,72.0,10,100.0,yes,0,0
979,2024,Male,Higher Certificate in Information Systems: Software Development,1st year,9,136,64.0,9,100.0,yes,72,9
980,2024,Female,BSc IT: Data Science,1st year,11,136,54.0,5,45.5,no,11,4
981,2024,Female,Higher Certificate in Information Systems: Cyber Security,1st year,10,120,65.0,9,90.0,no,0,0
982,2024,Female,BSc in CompUter Science,1st year,12,144,51.0,7,58.3,no,30,6
983,2024,Male,BSc IT: Data Science,1st year,11,136,74.0,11,100.0,yes,31,5
984,2024,Male,BSc in CompUter Science,1st year,12,144,62.0,9,75.0,no,15,5
985,2024,Female,BSc in CompUter Science,1st year,12,144,53.0,8,66.7,no,26,6
986,2024,Female,Higher Certificate in Information Systems: Cyber Security,1st year,10,120,70.0,10,100.0,yes,0,0
987,2024,Female,Higher Certificate in Information Systems: Software Development,1st year,9,136,70.0,9,100.0,yes,44,9
988,2024,Female,Higher Certificate in Information Systems: Software Development,1st year,9,136,69.0,9,100.0,yes,76,9
989,2024,Female,Higher Certificate in Information Systems: Software Development,1st year,9,136,72.0,9,100.0,yes,55,8
990,2024,Male,Higher Certificate in Information Systems: Software Development,1st year,9,136,70.0,9,100.0,yes,40,8
991,2024,Male,Higher Certificate in Information Systems: Software Development,1st year,9,136,71.0,9,100.0,yes,68,8
992,2024,Male,Higher Certificate in Information Systems: Software Development,1st year,9,136,67.0,9,100.0,yes,50,9
993,2024,Female,Higher Certificate in Information Systems: Cyber Security,1st year,10,120,65.0,9,90.0,no,0,0
994,2024,Female,Higher Certificate in Information Systems: Software Development,1st year,9,136,66.0,9,100.0,yes,40,7
995,2024,Female,Higher Certificate in Information Systems: Cloud Computing,1st year,12,144,68.0,10,83.3,no,24,5
996,2024,Male,Higher Certificate in Information Systems: Cloud Computing,1st year,12,144,47.0,5,41.7,no,23,6
997,2024,Male,BSc IT: Data Science,1st year,11,136,78.0,11,100.0,yes,12,4
998,2024,Female,BSc in CompUter Science,1st year,12,144,56.0,7,58.3,no,33,6
999,2024,Female,BSc IT: Data Science,1st year,11,136,72.0,11,100.0,yes,48,8
1000,2024,Male,BSc IT: Data Science,1st year,11,136,63.0,9,81.8,no,16,5
1001,2024,Male,BSc IT: Data Science,1st year,11,136,47.0,2,18.2,no,5,2
1002,2024,Female,Higher Certificate in Information Systems: Software Development,1st year,9,136,74.0,9,100.0,yes,77,9
1003,2024,Male,Higher Certificate in Information Systems: Software Development,1st year,9,136,64.0,9,100.0,yes,45,8
1004,2024,Female,Higher Certificate in Information Systems: Cloud Computing,1st year,12,144,61.0,9,75.0,no,24,5
1005,2024,Female,Higher Certificate in Information Systems: Software Development,1st year,9,136,55.0,5,55.6,no,54,8
1006,2024,Male,Higher Certificate in Information Systems: Cloud Computing,1st year,12,144,60.0,10,83.3,no,43,7
1007,2024,Female,BSc IT: Data Science,1st year,11,136,63.0,11,100.0,yes,26,6
1008,2024,Male,Higher Certificate in Information Systems: Software Development,1st year,9,136,64.0,8,88.9,no,50,7
1009,2024,Female,Higher Certificate in Information Systems: Software Development,1st year,9,136,64.0,9,100.0,yes,68,9
1010,2024,Female,Higher Certificate in Information Systems: Software Development,1st year,9,136,69.0,9,100.0,yes,67,9
1011,2024,Female,Higher Certificate in Information Systems: Software Development,1st year,9,136,62.0,8,88.9,no,64,8
1012,2024,Male,Higher Certificate in Information Systems: Software Development,1st year,9,136,54.0,6,66.7,no,34,5
1013,2024,Female,Higher Certificate in Information Systems: Cloud Computing,1st year,12,144,61.0,9,75.0,no,44,7
1014,2024,Female,Higher Certificate in Information Systems: Software Development,1st year,9,136,65.0,9,100.0,yes,67,9
1015,2024,Female,Higher Certificate in Information Systems: Cyber Security,1st year,10,120,64.0,9,90.0,no,0,0
1016,2024,Female,Higher Certificate in Information Systems: Software Development,1st year,9,136,62.0,9,100.0,yes,63,9
1017,2024,Male,Higher Certificate in Information Systems: Software Development,1st year,9,136,71.0,9,100.0,yes,52,7
1018,2024,Male,BSc in CompUter Science,1st year,12,144,68.0,11,91.7,no,20,6
1019,2024,Female,Higher Certificate in Information Systems: Software Development,1st year,9,136,75.0,9,100.0,yes,79,9
1020,2024,Female,Higher Certificate in Information Systems: Cloud Computing,1st year,12,144,53.0,7,58.3,no,40,7
1021,2024,Female,Higher Certificate in Information Systems: Cyber Security,1st year,10,120,64.0,10,100.0,yes,0,0
1022,2024,Female,BSc in CompUter Science,1st year,12,144,57.0,9,75.0,no,36,6
1023,2024,Female,Higher Certificate in Information Systems: Cyber Security,1st year,10,120,66.0,10,100.0,yes,0,0
1024,2024,Female,BSC IT: ROBOTICS,1st year,14,144,61.0,12,85.7,no,28,7
1025,2024,Female,BSc IT: Data Science,1st year,11,136,61.0,10,90.9,no,34,5
1026,2024,Male,BSc in CompUter Science,1st year,12,144,70.0,12,100.0,yes,25,6
1027,2024,Female,BSc in CompUter Science,1st year,12,144,59.0,9,75.0,no,9,4
1028,2024,Female,Higher Certificate in Information Systems: Software Development,1st year,9,136,65.0,9,100.0,yes,67,9
1029,2024,Female,Higher Certificate in Information Systems: Cyber Security,1st year,10,120,58.0,9,90.0,no,0,0
1030,2024,Male,Higher Certificate in Information Systems: Cyber Security,1st year,10,120,65.0,9,90.0,no,0,0
1031,2024,Female,Higher Certificate in Information Systems: Software Development,1st year,9,136,66.0,8,88.9,no,50,8
1032,2024,Male,BSc in CompUter Science,1st year,12,144,59.0,11,91.7,no,13,5
1033,2024,Female,Higher Certificate in Information Systems: Software Development,1st year,9,136,59.0,8,88.9,no,65,8
1034,2024,Female,Higher Certificate in Information Systems: Software Development,1st year,9,136,63.0,8,88.9,no,63,8
1035,2024,Male,BSc IT: Data Science,1st year,11,136,60.0,9,81.8,no,2,1
1036,2024,Male,Higher Certificate in Information Systems: Software Development,1st year,9,136,62.0,8,88.9,no,38,8
1037,2024,Male,Higher Certificate in Information Systems: Software Development,1st year,9,136,67.0,9,100.0,yes,58,8
1038,2024,Female,Higher Certificate in Information Systems: Cyber Security,1st year,10,120,75.0,10,100.0,yes,0,0
1039,2024,Female,Higher Certificate in Information Systems: Software Development,1st year,9,136,71.0,9,100.0,yes,77,8
1040,2024,Male,BSc in CompUter Science,1st year,12,144,51.0,5,41.7,no,13,5
1041,2024,Female,Higher Certificate in Information Systems: Software Development,1st year,8,116,56.0,8,100.0,yes,33,6
1042,2024,Male,BSc in CompUter Science,1st year,12,144,64.0,12,100.0,yes,27,6
1043,2024,Male,BSc in CompUter Science,1st year,12,144,63.0,12,100.0,yes,17,6
1044,2024,Female,Higher Certificate in Information Systems: Software Development,1st year,9,136,70.0,9,100.0,yes,69,9
1045,2024,Male,Higher Certificate in Information Systems: Cyber Security,1st year,10,120,61.0,8,80.0,no,0,0
1046,2024,Male,Higher Certificate in Information Systems: Software Development,1st year,9,136,66.0,9,100.0,yes,71,9
1047,2024,Female,Higher Certificate in Information Systems: Cloud Computing,1st year,12,144,61.0,8,66.7,no,33,6
1048,2024,Female,Higher Certificate in Information Systems: Cloud Computing,1st year,12,144,48.0,4,33.3,no,3,2
1049,2024,Female,Higher Certificate in Information Systems: Software Development,1st year,9,136,73.0,9,100.0,yes,55,7
1050,2024,Male,BSc in CompUter Science,1st year,12,144,60.0,10,83.3,no,24,5
1051,2024,Female,Higher Certificate in Information Systems: Software Development,1st year,9,136,69.0,9,100.0,yes,75,9
1052,2024,Male,BSc IT: Data Science,1st year,11,136,65.0,11,100.0,yes,32,7
1053,2024,Female,Higher Certificate in Information Systems: Software Development,1st year,9,136,73.0,9,100.0,yes,61,6
1054,2024,Male,Higher Certificate in Information Systems: Software Development,1st year,9,136,70.0,9,100.0,yes,53,8
1055,2024,Male,Higher Certificate in Information Systems: Software Development,1st year,9,136,54.0,5,55.6,no,46,8
1056,2024,Female,Higher Certificate in Information Systems: Cloud Computing,1st year,12,144,59.0,9,75.0,no,23,7
1057,2024,Male,BSc in CompUter Science,1st year,12,144,61.0,12,100.0,yes,10,4
1058,2024,Female,Higher Certificate in Information Systems: Software Development,1st year,9,136,73.0,9,100.0,yes,62,8
1059,2024,Male,Higher Certificate in Information Systems: Software Development,1st year,9,136,70.0,9,100.0,yes,33,8
1060,2024,Female,Higher Certificate in Information Systems: Cyber Security,1st year,10,120,65.0,9,90.0,no,0,0
1061,2024,Female,Higher Certificate in Information Systems: Cyber Security,1st year,10,120,70.0,10,100.0,yes,0,0
1062,2024,Female,Higher Certificate in Information Systems: Software Development,1st year,9,136,68.0,9,100.0,yes,28,6
1063,2024,Female,Higher Certificate in Information Systems: Cloud Computing,1st year,12,144,54.0,8,66.7,no,8,3
1064,2024,Male,BSc IT: Data Science,1st year,11,136,36.0,1,9.1,no,4,3
1065,2024,Male,Higher Certificate in Information Systems: Software Development,1st year,9,136,0.0,0,0.0,no,8,2
1066,2024,Female,Higher Certificate in Information Systems: Cyber Security,1st year,9,106,0.0,0,0.0,no,0,0
1067,2024,Male,Higher Certificate in Information Systems: Software Development,1st year,9,136,71.0,9,100.0,yes,81,9
1068,2024,Male,BSc IT: Data Science,1st year,11,136,38.0,2,18.2,no,3,1
1069,2024,Female,Higher Certificate in Information Systems: Cyber Security,1st year,10,120,58.0,10,100.0,yes,0,0
1070,2024,Male,Higher Certificate in Information Systems: Software Development,1st year,9,136,64.0,9,100.0,yes,46,8
1071,2024,Male,Higher Certificate in Information Systems: Cyber Security,1st year,10,120,62.0,9,90.0,no,0,0
1072,2024,Male,BSc IT: Data Science,1st year,11,136,63.0,10,90.9,no,18,4
1073,2024,Female,Higher Certificate in Information Systems: Cloud Computing,1st year,12,144,59.0,8,66.7,no,40,8
1074,2024,Male,BSc in CompUter Science,1st year,12,144,0.0,0,0.0,no,0,0
1075,2024,Female,BSc in CompUter Science,1st year,12,144,51.0,4,33.3,no,25,4
1076,2024,Male,BSc IT: Software Engineering,1st year,14,144,51.0,9,64.3,no,14,4
1077,2024,Male,BSc IT: Data Science,1st year,11,136,75.0,11,100.0,yes,16,5
1078,2024,Female,BSc in CompUter Science,1st year,12,144,74.0,12,100.0,yes,28,6
1079,2024,Male,Higher Certificate in Information Systems: Software Development,1st year,9,136,70.0,9,100.0,yes,76,9
1080,2024,Male,BSc IT: Software Engineering,1st year,16,144,61.0,14,87.5,no,34,7
1081,2024,Male,BSc IT: Data Science,1st year,11,136,54.0,8,72.7,no,16,3
1082,2024,Male,Higher Certificate in Information Systems: Cloud Computing,1st year,12,144,59.0,9,75.0,no,50,7
1083,2024,Female,Higher Certificate in Information Systems: Cloud Computing,1st year,12,144,61.0,10,83.3,no,31,8
1084,2024,Female,BSc IT: Data Science,1st year,11,136,69.0,11,100.0,yes,30,7
1085,2024,Male,BSc IT: Data Science,1st year,11,136,55.0,8,72.7,no,13,4
1086,2024,Female,Higher Certificate in Information Systems: Cyber Security,1st year,10,120,73.0,9,90.0,no,0,0
1087,2024,Female,Higher Certificate in Information Systems: Software Development,1st year,9,136,4.0,0,0.0,no,12,3
1088,2024,Female,Higher Certificate in Information Systems: Software Development,1st year,9,136,64.0,9,100.0,yes,35,9
1089,2024,Female,BSc in CompUter Science,1st year,7,80,8.0,0,0.0,no,1,1
1090,2024,Female,Higher Certificate in Information Systems: Cyber Security,1st year,10,120,72.0,10,100.0,yes,0,0
1091,2024,Female,BSc IT: Data Science,1st year,11,136,50.0,3,27.3,no,24,5
1092,2024,Male,BSc in CompUter Science,1st year,12,144,62.0,9,75.0,no,14,6
1093,2024,Male,BSc IT: Data Science,1st year,11,136,67.0,11,100.0,yes,7,2
1094,2024,Male,Higher Certificate in Information Systems: Cyber Security,1st year,10,120,73.0,10,100.0,yes,0,0
1095,2024,Female,Higher Certificate in Information Systems: Software Development,1st year,9,136,74.0,9,100.0,yes,79,8
1096,2024,Female,BSc IT: Data Science,1st year,11,136,55.0,7,63.6,no,12,4
1097,2024,Female,BSc in CompUter Science,1st year,12,144,50.0,4,33.3,no,38,6
1098,2024,Female,Higher Certificate in Information Systems: Software Development,1st year,9,136,64.0,9,100.0,yes,41,8
1099,2024,Female,Higher Certificate in Information Systems: Software Development,1st year,9,136,58.0,9,100.0,yes,37,9
1100,2024,Male,BSc IT: Data Science,1st year,11,136,76.0,11,100.0,yes,31,7
1101,2024,Female,Higher Certificate in Information Systems: Cloud Computing,1st year,12,144,65.0,9,75.0,no,23,7
1102,2024,Male,BSc IT: Data Science,1st year,11,136,53.0,8,72.7,no,7,4
1103,2024,Female,BSc in CompUter Science,1st year,12,144,67.0,12,100.0,yes,27,6
1104,2024,Female,BSc in CompUter Science,1st year,12,144,60.0,11,91.7,no,21,5
1105,2024,Male,Higher Certificate in Information Systems: Software Development,1st year,5,90,0.0,0,0.0,no,2,1
1106,2024,Male,Higher Certificate in Information Systems: Cloud Computing,1st year,12,144,64.0,12,100.0,yes,27,7
1107,2024,Male,BSc IT: Security and Network Engineering,1st year,12,144,50.0,6,50.0,no,13,6
1108,2024,Female,Higher Certificate in Information Systems: Cyber Security,1st year,10,120,66.0,10,100.0,yes,0,0
1109,2024,Male,Higher Certificate in Information Systems: Software Development,1st year,9,136,60.0,8,88.9,no,48,8
1110,2024,Male,BSc in CompUter Science,1st year,12,144,48.0,4,33.3,no,16,5
1111,2024,Female,Higher Certificate in Information Systems: Cyber Security,1st year,10,120,68.0,10,100.0,yes,0,0
1112,2024,Male,BSc IT: Data Science,1st year,10,120,49.0,4,40.0,no,19,5
1113,2024,Female,Higher Certificate in Information Systems: Software Development,1st year,9,136,58.0,8,88.9,no,34,6
1114,2024,Male,Higher Certificate in Information Systems: Software Development,1st year,8,116,66.0,8,100.0,yes,47,9
1115,2024,Female,Higher Certificate in Information Systems: Software Development,1st year,9,136,65.0,9,100.0,yes,57,9
1116,2024,Male,BSc IT: Data Science,1st year,11,136,61.0,9,81.8,no,16,4
1117,2024,Female,BSc IT: Data Science,1st year,11,136,55.0,8,72.7,no,30,5
1118,2024,Male,BSc in CompUter Science,1st year,12,144,58.0,11,91.7,no,26,6
1119,2024,Female,BSc IT: Data Science,1st year,11,136,61.0,10,90.9,no,34,6
1120,2024,Male,Higher Certificate in Information Systems: Software Development,1st year,9,136,72.0,9,100.0,yes,47,8
1121,2024,Male,BSc IT: Data Science,1st year,11,136,62.0,9,81.8,no,38,6
1122,2024,Female,Higher Certificate in Information Systems: Software Development,1st year,9,136,73.0,9,100.0,yes,53,9
1123,2024,Male,BSc IT: Data Science,1st year,11,136,57.0,8,72.7,no,14,4
1124,2024,Female,Higher Certificate in Information Systems: Cyber Security,1st year,10,120,67.0,9,90.0,no,0,0
1125,2024,Male,BSc in CompUter Science,1st year,12,144,61.0,12,100.0,yes,22,6
1126,2024,Female,BSC IT: ROBOTICS,1st year,14,144,57.0,10,71.4,no,23,6
1127,2024,Female,BSc IT: Data Science,1st year,11,136,62.0,9,81.8,no,6,3
1128,2024,Male,Higher Certificate in Information Systems: Software Development,1st year,9,136,66.0,9,100.0,yes,31,7
1129,2024,Male,BSc IT: Data Science,1st year,11,136,27.0,0,0.0,no,9,2
1130,2024,Female,Higher Certificate in Information Systems: Software Development,1st year,9,136,68.0,9,100.0,yes,48,8
1131,2024,Female,Higher Certificate in Information Systems: Software Development,1st year,9,136,62.0,8,88.9,no,75,9
1132,2024,Female,Higher Certificate in Information Systems: Software Development,1st year,9,136,68.0,9,100.0,yes,68,8
1133,2024,Female,Higher Certificate in Information Systems: Software Development,1st year,9,136,69.0,9,100.0,yes,58,7
1134,2024,Male,Higher Certificate in Information Systems: Software Development,1st year,9,136,70.0,9,100.0,yes,23,8
1135,2024,Male,BSc IT: Software Engineering,1st year,14,144,60.0,11,78.6,no,13,4
1136,2024,Female,BSc IT: Data Science,1st year,11,136,70.0,11,100.0,yes,25,6
1137,2024,Female,BSc in CompUter Science,1st year,12,144,58.0,9,75.0,no,31,6
1138,2024,Male,Higher Certificate in Information Systems: Software Development,1st year,9,136,71.0,9,100.0,yes,70,9
1139,2024,Male,BSc in CompUter Science,1st year,12,144,74.0,12,100.0,yes,31,6
1140,2024,Male,Higher Certificate in Information Systems: Software Development,1st year,9,136,55.0,8,88.9,no,32,7
1141,2024,Female,Higher Certificate in Information Systems: Software Development,1st year,9,136,67.0,9,100.0,yes,79,9
1142,2024,Female,BSc IT: Data Science,1st year,11,136,62.0,9,81.8,no,20,6
1143,2024,Female,Higher Certificate in Information Systems: Cyber Security,1st year,10,120,65.0,9,90.0,no,0,0
1144,2024,Female,Higher Certificate in Information Systems: Cyber Security,1st year,10,120,72.0,10,100.0,yes,0,0
1145,2024,Female,Higher Certificate in Information Systems: Software Development,1st year,9,136,67.0,9,100.0,yes,62,9
1146,2024,Male,BSc in CompUter Science,1st year,12,144,44.0,3,25.0,no,6,3
1147,2024,Male,BSc in CompUter Science,1st year,12,144,67.0,11,91.7,no,26,6
1148,2024,Male,Higher Certificate in Information Systems: Software Development,1st year,9,136,67.0,8,88.9,no,69,9
1149,2024,Male,Higher Certificate in Information Systems: Software Development,1st year,9,136,66.0,9,100.0,yes,56,8
1150,2024,Female,BSc in CompUter Science,1st year,12,144,65.0,12,100.0,yes,25,6
1151,2024,Female,Higher Certificate in Information Systems: Software Development,1st year,9,136,67.0,9,100.0,yes,38,7
1152,2024,Male,Higher Certificate in Information Systems: Software Development,1st year,9,136,69.0,9,100.0,yes,57,9
1153,2024,Female,Higher Certificate in Information Systems: Cyber Security,1st year,10,120,75.0,10,100.0,yes,0,0
1154,2024,Female,Higher Certificate in Information Systems: Software Development,1st year,9,136,67.0,9,100.0,yes,81,9
1155,2024,Female,Higher Certificate in Information Systems: Software Development,1st year,9,136,66.0,9,100.0,yes,43,9
1156,2024,Female,Higher Certificate in Information Systems: Cyber Security,1st year,10,120,56.0,8,80.0,no,0,0
1157,2024,Male,Higher Certificate in Information Systems: Software Development,1st year,9,136,66.0,9,100.0,yes,67,9
1158,2024,Female,Higher Certificate in Information Systems: Cyber Security,1st year,10,120,65.0,9,90.0,no,0,0
1159,2024,Female,Higher Certificate in Information Systems: Software Development,1st year,9,136,71.0,9,100.0,yes,59,9
1160,2024,Female,Higher Certificate in Information Systems: Software Development,1st year,9,136,69.0,9,100.0,yes,77,9
1161,2024,Male,Higher Certificate in Information Systems: Software Development,1st year,9,136,66.0,9,100.0,yes,44,9
1162,2024,Female,BSc in CompUter Science,1st year,12,144,64.0,10,83.3,no,27,5
1163,2024,Male,Higher Certificate in Information Systems: Software Development,1st year,9,136,72.0,9,100.0,yes,79,9
1164,2024,Female,Higher Certificate in Information Systems: Software Development,1st year,9,136,63.0,9,100.0,yes,69,8
1165,2024,Female,Higher Certificate in Information Systems: Cloud Computing,1st year,12,144,57.0,8,66.7,no,24,5
1166,2024,Male,BSc in CompUter Science,1st year,12,144,71.0,12,100.0,yes,19,6
1167,2024,Male,Higher Certificate in Information Systems: Software Development,1st year,9,136,62.0,7,77.8,no,70,8
1168,2024,Female,Higher Certificate in Information Systems: Cyber Security,1st year,10,120,70.0,10,100.0,yes,0,0
1169,2024,Male,Higher Certificate in Information Systems: Software Development,1st year,9,136,73.0,9,100.0,yes,44,7
1170,2024,Female,Higher Certificate in Information Systems: Cyber Security,1st year,10,120,63.0,10,100.0,yes,0,0
1171,2024,Male,Higher Certificate in Information Systems: Software Development,1st year,9,136,72.0,9,100.0,yes,58,8
1172,2024,Female,BSc in CompUter Science,1st year,12,144,57.0,10,83.3,no,28,6
1173,2024,Male,Higher Certificate in Information Systems: Cloud Computing,1st year,12,144,65.0,12,100.0,yes,16,6
1174,2024,Female,BSc IT: Data Science,1st year,11,136,72.0,11,100.0,yes,17,4
1175,2024,Female,BSc in CompUter Science,1st year,12,144,0.0,0,0.0,no,1,1
1176,2024,Male,Higher Certificate in Information Systems: Software Development,1st year,9,136,61.0,9,100.0,yes,35,8
1177,2024,Female,Higher Certificate in Information Systems: Cyber Security,1st year,10,120,64.0,9,90.0,no,0,0
1178,2024,Male,Higher Certificate in Information Systems: Software Development,1st year,9,136,69.0,9,100.0,yes,33,7
1179,2024,Female,Higher Certificate in Information Systems: Cyber Security,1st year,10,120,75.0,10,100.0,yes,0,0
1180,2024,Male,Higher Certificate in Information Systems: Cloud Computing,1st year,12,144,68.0,12,100.0,yes,30,7
1181,2024,Male,BSc in CompUter Science,1st year,12,144,56.0,10,83.3,no,18,6
1182,2024,Male,BSc in CompUter Science,1st year,12,144,61.0,12,100.0,yes,19,6
1183,2024,Female,BSc IT: Data Science,1st year,11,136,63.0,11,100.0,yes,24,6
1184,2024,Male,BSc in CompUter Science,1st year,12,144,49.0,4,33.3,no,13,6
1185,2024,Male,Higher Certificate in Information Systems: Cyber Security,1st year,10,120,63.0,8,80.0,no,0,0
1186,2024,Female,BSc in CompUter Science,1st year,12,144,69.0,12,100.0,yes,20,6
1187,2024,Male,BSc IT: Data Science,1st year,11,136,50.0,5,45.5,no,13,5
1188,2024,Female,Higher Certificate in Information Systems: Cyber Security,1st year,10,120,67.0,10,100.0,yes,0,0
1189,2024,Female,Higher Certificate in Information Systems: Software Development,1st year,9,136,68.0,9,100.0,yes,80,9
1190,2024,Male,BSc IT: Data Science,1st year,11,136,57.0,9,81.8,no,14,4
1191,2024,Female,Higher Certificate in Information Systems: Software Development,1st year,9,136,62.0,9,100.0,yes,45,6
1192,2024,Female,BSc IT: Data Science,1st year,11,136,69.0,10,90.9,no,15,5
1193,2024,Male,BSc in CompUter Science,1st year,12,144,64.0,12,100.0,yes,23,6
1194,2024,Female,Higher Certificate in Information Systems: Cyber Security,1st year,10,120,67.0,10,100.0,yes,0,0
1195,2024,Female,Higher Certificate in Information Systems: Cyber Security,1st year,10,120,65.0,9,90.0,no,0,0
1196,2024,Female,Higher Certificate in Information Systems: Cloud Computing,1st year,12,144,66.0,10,83.3,no,53,8
1197,2024,Female,BSc in CompUter Science,1st year,12,144,69.0,12,100.0,yes,22,5
1198,2024,Male,BSc in CompUter Science,1st year,12,144,68.0,12,100.0,yes,21,6
1199,2024,Female,Higher Certificate in Information Systems: Cyber Security,1st year,10,120,65.0,10,100.0,yes,0,0
1200,2024,Male,Higher Certificate in Information Systems: Cyber Security,1st year,10,120,68.0,10,100.0,yes,0,0
1201,2024,Male,Higher Certificate in Information Systems: Cyber Security,1st year,9,106,0.0,0,0.0,no,0,0
1202,2024,Male,BSc IT: Data Science,1st year,11,136,56.0,8,72.7,no,9,4
1203,2024,Male,Higher Certificate in Information Systems: Software Development,1st year,9,136,65.0,9,100.0,yes,66,9
1204,2024,Female,Higher Certificate in Information Systems: Software Development,1st year,9,136,61.0,8,88.9,no,79,9
1205,2024,Female,Higher Certificate in Information Systems: Software Development,1st year,9,136,67.0,9,100.0,yes,77,9
1206,2024,Female,Higher Certificate in Information Systems: Software Development,1st year,9,136,59.0,9,100.0,yes,30,6
1207,2024,Female,Higher Certificate in Information Systems: Cyber Security,1st year,10,120,68.0,10,100.0,yes,0,0
1208,2024,Male,BSc IT: Data Science,1st year,11,136,62.0,9,81.8,no,23,5
1209,2024,Male,Higher Certificate in Information Systems: Software Development,1st year,9,136,70.0,9,100.0,yes,61,8
1210,2024,Female,BSc IT: Data Science,1st year,11,136,48.0,2,18.2,no,10,5
1211,2024,Female,BSc IT: Data Science,1st year,11,136,72.0,11,100.0,yes,41,6
1212,2024,Male,Higher Certificate in Information Systems: Software Development,1st year,9,136,22.0,2,22.2,no,25,4
1213,2024,Female,Higher Certificate in Information Systems: Cyber Security,1st year,10,120,63.0,10,100.0,yes,0,0
1214,2024,Male,Higher Certificate in Information Systems: Software Development,1st year,9,136,64.0,9,100.0,yes,66,9
1215,2024,Female,Higher Certificate in Information Systems: Cyber Security,1st year,10,120,65.0,9,90.0,no,0,0
1216,2024,Male,BSc in CompUter Science,1st year,12,144,57.0,8,66.7,no,29,5
1217,2024,Male,BSc in CompUter Science,1st year,12,144,70.0,12,100.0,yes,17,6
1218,2024,Female,Higher Certificate in Information Systems: Software Development,1st year,9,136,64.0,9,100.0,yes,37,7
1219,2024,Female,Higher Certificate in Information Systems: Cloud Computing,1st year,12,144,60.0,9,75.0,no,42,10
1220,2024,Female,BSC IT: ROBOTICS,1st year,14,144,52.0,7,50.0,no,45,6
1221,2024,Female,BSC IT: ROBOTICS,1st year,16,144,48.0,4,25.0,no,15,5
1222,2024,Male,Higher Certificate in Information Systems: Cloud Computing,1st year,12,144,64.0,11,91.7,no,32,8
1223,2024,Female,Higher Certificate in Information Systems: Cyber Security,1st year,10,120,70.0,10,100.0,yes,0,0
1224,2024,Male,Higher Certificate in Information Systems: Software Development,1st year,9,136,50.0,6,66.7,no,23,7
1225,2024,Male,Higher Certificate in Information Systems: Software Development,1st year,9,136,73.0,9,100.0,yes,76,9
1226,2024,Female,Higher Certificate in Information Systems: Software Development,1st year,9,136,72.0,9,100.0,yes,75,9
1227,2024,Female,BSc IT: Data Science,1st year,11,136,62.0,11,100.0,yes,30,5
1228,2024,Female,Higher Certificate in Information Systems: Cloud Computing,1st year,10,144,59.0,6,60.0,no,20,5
1229,2024,Female,Higher Certificate in Information Systems: Cyber Security,1st year,10,120,60.0,8,80.0,no,0,0
1230,2024,Female,Higher Certificate in Information Systems: Cloud Computing,1st year,12,144,59.0,11,91.7,no,12,4
1231,2024,Male,BSc IT: Data Science,1st year,11,136,63.0,9,81.8,no,10,3
1232,2024,Female,Higher Certificate in Information Systems: Software Development,1st year,9,136,70.0,9,100.0,yes,72,8
1233,2024,Female,BSc IT: Data Science,1st year,11,136,52.0,5,45.5,no,26,5
1234,2024,Female,Higher Certificate in Information Systems: Cyber Security,1st year,10,120,46.0,4,40.0,no,0,0
1235,2024,Male,BSc in CompUter Science,1st year,12,144,65.0,11,91.7,no,50,6
1236,2024,Male,BSc IT: Security and Network Engineering,1st year,12,144,58.0,8,66.7,no,7,5
1237,2024,Female,BSc in CompUter Science,1st year,12,144,70.0,12,100.0,yes,12,5
1238,2024,Female,BSc IT: Data Science,1st year,11,136,60.0,5,45.5,no,15,6
1239,2024,Female,BSc IT: Data Science,1st year,11,136,38.0,1,9.1,no,16,4
1240,2024,Male,Higher Certificate in Information Systems: Software Development,1st year,9,136,67.0,9,100.0,yes,26,7
1241,2024,Female,BSc IT: Data Science,1st year,11,136,82.0,11,100.0,yes,30,7
1242,2024,Male,BSc in CompUter Science,1st year,12,144,67.0,12,100.0,yes,40,6
1243,2024,Male,BSc in CompUter Science,1st year,12,144,49.0,3,25.0,no,15,5
1244,2024,Female,Higher Certificate in Information Systems: Cloud Computing,1st year,12,144,67.0,11,91.7,no,41,8
1245,2024,Female,Higher Certificate in Information Systems: Software Development,1st year,9,136,65.0,9,100.0,yes,55,8
1246,2024,Female,BSc IT: Data Science,1st year,11,136,59.0,9,81.8,no,20,6
1247,2024,Female,BSc in CompUter Science,1st year,12,144,58.0,11,91.7,no,25,6
1248,2024,Male,Higher Certificate in Information Systems: Software Development,1st year,9,136,54.0,6,66.7,no,56,9
1249,2024,Female,BSC IT: ROBOTICS,1st year,14,144,56.0,12,85.7,no,16,6
1250,2024,Female,BSc IT: Software Engineering,1st year,15,144,74.0,15,100.0,yes,55,8
1251,2024,Female,BSc IT: Data Science,1st year,11,136,71.0,10,90.9,no,36,6
1252,2024,Female,Higher Certificate in Information Systems: Software Development,1st year,9,136,0.0,0,0.0,no,20,4
1253,2024,Female,Higher Certificate in Information Systems: Cloud Computing,1st year,12,144,61.0,9,75.0,no,4,3
1254,2024,Female,Higher Certificate in Information Systems: Cloud Computing,1st year,12,144,54.0,6,50.0,no,12,4
1255,2024,Female,Higher Certificate in Information Systems: Cloud Computing,1st year,12,144,79.0,12,100.0,yes,38,7
1256,2024,Female,Higher Certificate in Information Systems: Cyber Security,1st year,10,120,69.0,10,100.0,yes,0,0
1257,2024,Male,BSc IT: Data Science,1st year,11,136,55.0,3,27.3,no,21,7
1258,2024,Female,Higher Certificate in Information Systems: Cloud Computing,1st year,12,144,56.0,8,66.7,no,19,6
1259,2024,Male,BSc IT: Data Science,1st year,11,136,55.0,9,81.8,no,18,5
1260,2024,Male,BSc IT: Data Science,1st year,11,136,50.0,6,54.5,no,40,7
1261,2024,Female,Higher Certificate in Information Systems: Cyber Security,1st year,10,120,77.0,10,100.0,yes,0,0
1262,2024,Female,Higher Certificate in Information Systems: Software Development,1st year,9,136,67.0,9,100.0,yes,75,8
1263,2024,Male,BSc IT: Software Engineering,1st year,15,144,56.0,12,80.0,no,59,6
1264,2024,Female,Higher Certificate in Information Systems: Cyber Security,1st year,10,120,60.0,8,80.0,no,0,0
1265,2024,Female,Higher Certificate in Information Systems: Cloud Computing,1st year,12,144,52.0,3,25.0,no,9,4
1266,2024,Female,BSc in CompUter Science,1st year,12,144,64.0,12,100.0,yes,21,6
1267,2024,Male,BSc IT: Data Science,1st year,11,136,63.0,9,81.8,no,50,7
1268,2024,Male,BSc IT: Data Science,1st year,11,136,58.0,10,90.9,no,20,5
1269,2024,Male,Higher Certificate in Information Systems: Software Development,1st year,9,136,61.0,7,77.8,no,48,7
1270,2024,Male,Higher Certificate in Information Systems: Software Development,1st year,9,136,61.0,8,88.9,no,54,9
1271,2024,Female,Higher Certificate in Information Systems: Cloud Computing,1st year,12,144,57.0,7,58.3,no,29,7
1272,2024,Female,BSc IT: Data Science,1st year,11,136,66.0,11,100.0,yes,23,5
1273,2024,Female,Higher Certificate in Information Systems: Cyber Security,1st year,10,120,68.0,10,100.0,yes,0,0
1274,2024,Female,Higher Certificate in Information Systems: Software Development,1st year,9,136,60.0,9,100.0,yes,15,5
1275,2024,Female,Higher Certificate in Information Systems: Cyber Security,1st year,10,120,61.0,9,90.0,no,0,0
1276,2024,Male,BSc IT: Data Science,1st year,11,136,75.0,11,100.0,yes,12,4
1277,2024,Male,Higher Certificate in Information Systems: Software Development,1st year,9,136,55.0,6,66.7,no,16,3
1278,2024,Female,BSc IT: Data Science,1st year,11,136,62.0,11,100.0,yes,23,6
1279,2024,Male,Higher Certificate in Information Systems: Software Development,1st year,9,136,69.0,9,100.0,yes,77,9
1280,2024,Male,BSc in CompUter Science,1st year,12,144,78.0,12,100.0,yes,31,6
1281,2024,Male,BSc IT: Data Science,1st year,11,136,56.0,8,72.7,no,44,7
1282,2024,Female,Higher Certificate in Information Systems: Software Development,1st year,9,136,69.0,9,100.0,yes,87,9
1283,2024,Female,BSc in CompUter Science,1st year,12,144,61.0,12,100.0,yes,22,6
1284,2024,Female,Higher Certificate in Information Systems: Software Development,1st year,9,136,59.0,8,88.9,no,79,9
1285,2024,Male,BSc IT: Data Science,1st year,11,136,35.0,1,9.1,no,3,2
1286,2024,Female,BSc IT: Data Science,1st year,11,136,0.0,0,0.0,no,0,0
1287,2024,Male,BSc in CompUter Science,1st year,12,144,63.0,11,91.7,no,27,6
1288,2024,Female,Higher Certificate in Information Systems: Cyber Security,1st year,10,120,63.0,10,100.0,yes,0,0
1289,2024,Female,Higher Certificate in Information Systems: Cloud Computing,1st year,12,144,71.0,12,100.0,yes,13,5
1290,2024,Female,Higher Certificate in Information Systems: Software Development,1st year,9,136,69.0,9,100.0,yes,23,6
1291,2024,Male,Higher Certificate in Information Systems: Software Development,1st year,9,136,63.0,9,100.0,yes,21,5
1292,2024,Female,Higher Certificate in Information Systems: Cyber Security,1st year,10,120,66.0,10,100.0,yes,0,0
1293,2024,Female,BSc IT: Security and Network Engineering,1st year,12,144,58.0,9,75.0,no,18,6
1294,2024,Female,BSc in CompUter Science,1st year,12,144,75.0,12,100.0,yes,36,6
1295,2024,Female,BSc in CompUter Science,1st year,12,144,65.0,11,91.7,no,15,6
1296,2024,Female,Higher Certificate in Information Systems: Cyber Security,1st year,10,120,62.0,9,90.0,no,0,0
1297,2024,Female,Higher Certificate in Information Systems: Cloud Computing,1st year,12,144,66.0,12,100.0,yes,30,8
1298,2024,Female,Higher Certificate in Information Systems: Cyber Security,1st year,10,120,76.0,10,100.0,yes,0,0
1299,2024,Female,Higher Certificate in Information Systems: Cyber Security,1st year,10,120,68.0,10,100.0,yes,0,0
1300,2024,Male,BSc IT: Data Science,1st year,11,136,0.0,0,0.0,no,4,2
1301,2024,Female,Higher Certificate in Information Systems: Software Development,1st year,9,136,68.0,9,100.0,yes,36,7
1302,2024,Female,Higher Certificate in Information Systems: Software Development,1st year,9,136,64.0,9,100.0,yes,57,8
1303,2024,Male,BSc in CompUter Science,1st year,12,144,75.0,12,100.0,yes,12,4
1304,2024,Female,BSC IT: ROBOTICS,1st year,14,144,50.0,8,57.1,no,8,6
1305,2024,Female,Higher Certificate in Information Systems: Cyber Security,1st year,10,120,71.0,10,100.0,yes,0,0
1306,2024,Male,BSc IT: Data Science,1st year,11,136,48.0,5,45.5,no,6,3
1307,2024,Male,BSc in CompUter Science,1st year,12,144,58.0,4,33.3,no,23,5
1308,2024,Female,Higher Certificate in Information Systems: Software Development,1st year,9,136,56.0,8,88.9,no,69,9
1309,2024,Female,BSc in CompUter Science,1st year,12,144,67.0,12,100.0,yes,31,6
1310,2024,Female,Higher Certificate in Information Systems: Cyber Security,1st year,10,120,54.0,6,60.0,no,0,0
1311,2024,Male,BSc IT: Data Science,1st year,11,136,79.0,11,100.0,yes,32,6
1312,2024,Male,Higher Certificate in Information Systems: Software Development,1st year,9,136,17.0,2,22.2,no,22,6
1313,2024,Female,BSc in CompUter Science,1st year,12,144,65.0,12,100.0,yes,12,5
1314,2024,Male,Higher Certificate in Information Systems: Software Development,1st year,9,136,66.0,9,100.0,yes,64,8
1315,2024,Male,BSc in CompUter Science,1st year,12,144,62.0,11,91.7,no,35,6
1316,2024,Female,BSC IT: ROBOTICS,1st year,13,128,58.0,12,92.3,no,17,6
1317,2024,Female,Higher Certificate in Information Systems: Software Development,1st year,9,136,66.0,9,100.0,yes,54,8
1318,2024,Female,BSc in CompUter Science,1st year,12,144,56.0,7,58.3,no,29,6
1319,2024,Female,BSc in CompUter Science,1st year,12,144,68.0,12,100.0,yes,24,6
1320,2024,Male,BSc in CompUter Science,1st year,12,144,67.0,11,91.7,no,27,6
1321,2024,Female,BSc in CompUter Science,1st year,12,144,48.0,6,50.0,no,22,5
1322,2024,Female,BSc IT: Security and Network Engineering,1st year,14,144,55.0,10,71.4,no,37,9
1323,2024,Female,Higher Certificate in Information Systems: Cyber Security,1st year,10,120,57.0,6,60.0,no,0,0
1324,2024,Female,BSC IT: ROBOTICS,1st year,14,144,60.0,11,78.6,no,46,6
1325,2024,Female,BSc IT: Data Science,1st year,11,136,72.0,11,100.0,yes,33,6
1326,2024,Male,Higher Certificate in Information Systems: Software Development,1st year,9,136,25.0,1,11.1,no,16,6
1327,2024,Female,BSc IT: Data Science,1st year,11,136,54.0,7,63.6,no,21,4
1328,2024,Female,BSc IT: Software Engineering,1st year,14,144,56.0,9,64.3,no,19,5
1329,2024,Male,Higher Certificate in Information Systems: Software Development,1st year,9,136,58.0,7,77.8,no,35,9
1330,2024,Female,Higher Certificate in Information Systems: Software Development,1st year,9,136,53.0,7,77.8,no,21,6
1331,2024,Male,Higher Certificate in Information Systems: Software Development,1st year,9,136,64.0,9,100.0,yes,34,8
1332,2024,Female,Higher Certificate in Information Systems: Software Development,1st year,9,136,70.0,9,100.0,yes,72,9
1333,2024,Female,BSc IT: Security and Network Engineering,1st year,14,144,56.0,9,64.3,no,23,8
1334,2024,Female,BSc IT: Data Science,1st year,11,136,67.0,11,100.0,yes,30,7
1335,2024,Female,Higher Certificate in Information Systems: Software Development,1st year,9,136,60.0,8,88.9,no,46,6
1336,2024,Male,BSc in CompUter Science,1st year,12,144,67.0,12,100.0,yes,29,5
1337,2024,Female,BSC IT: ROBOTICS,1st year,16,144,61.0,16,100.0,yes,24,6
1338,2024,Male,BSc in CompUter Science,1st year,12,144,40.0,1,8.3,no,10,4
1339,2024,Female,Higher Certificate in Information Systems: Software Development,1st year,9,136,66.0,9,100.0,yes,61,9
1340,2024,Male,Higher Certificate in Information Systems: Cyber Security,1st year,10,120,70.0,10,100.0,yes,0,0
1341,2024,Male,BSc IT: Data Science,1st year,11,136,49.0,6,54.5,no,4,3
1342,2024,Male,Higher Certificate in Information Systems: Software Development,1st year,9,136,57.0,7,77.8,no,20,7
1343,2024,Female,BSc IT: Data Science,1st year,11,136,54.0,7,63.6,no,46,6
1344,2024,Female,Higher Certificate in Information Systems: Cloud Computing,1st year,12,144,52.0,6,50.0,no,13,4
1345,2024,Male,BSc IT: Security and Network Engineering,1st year,10,120,0.0,0,0.0,no,0,0
1346,2024,Male,Higher Certificate in Information Systems: Software Development,1st year,9,136,66.0,9,100.0,yes,55,9
1347,2024,Female,BSc IT: Security and Network Engineering,1st year,11,128,49.0,4,36.4,no,6,4
